ID,Address,Rooms,Type,Price,Date,Bathroom,Car,Landsize,Age,Lattitude,Longtitude
ID785374174,3 Valnere St,4,h,940000.0,7/05/2016,2.0,1.0,516.0,34.0,-37.7839,144.8853
ID469398047,16 Scotia St,3,h,1325000.0,10/12/2016,2.0,1.0,97.0,8.0,-37.8014,144.94899999999996
ID532121713,16 Sylvan St,4,t,1680000.0,18/03/2017,3.0,1.0,362.0,5.0,-37.7987,145.0788
ID727598171,195 Blackshaws Rd,3,h,975000.0,13/05/2017,2.0,2.0,333.0,9.0,-37.8334,144.8673
ID967462022,40 Lockton Av,3,h,670000.0,29/07/2017,2.0,1.0,536.0,49.0,-37.69505,144.98126000000005
ID555610131,2 Elgar Rd,3,h,1300000.0,4/06/2016,1.0,1.0,667.0,69.0,-37.8489,145.1093
ID269443161,5/14 Briggs St,2,u,570000.0,27/05/2017,1.0,1.0,601.0,9.0,-37.88524,145.02398
ID892363363,2/34 Doncaster Rd,3,u,1050000.0,8/10/2016,2.0,2.0,244.0,49.0,-37.7933,145.0672
ID471428433,3/8 Green St,3,t,855000.0,10/12/2016,2.0,2.0,0.0,39.0,-37.765,145.0422
ID769590825,37/2 Gordon St,2,u,500000.0,22/08/2016,1.0,1.0,0.0,13.0,-37.8822,144.9994
ID710260499,151 Chambers Rd,3,h,900000.0,1/07/2017,1.0,2.0,672.0,59.0,-37.8265,144.84386
ID769212337,1/124 Cuthbert St,3,t,465000.0,1/07/2017,2.0,3.0,248.0,9.0,-37.68358,144.92387
ID725673856,124 Swanston St,3,h,1240000.0,17/06/2017,2.0,1.0,673.0,54.0,-37.75965,145.09937
ID891446764,26 Oxford St,3,h,1622000.0,27/05/2017,2.0,2.0,446.0,20.0,-37.84473,145.09218
ID540027384,2 Addison St,3,h,1370000.0,16/04/2016,1.0,2.0,427.0,10.0,-37.7702,144.9266
ID783196330,3/406 Wattletree Rd,3,t,1253000.0,7/05/2016,2.0,1.0,216.0,25.0,-37.866,145.0549
ID583905526,1/165 Mitchell St,3,h,580000.0,10/12/2016,1.0,2.0,278.0,99.0,-37.7817,144.8685
ID674531195,22 Orchard Gr,3,h,901000.0,29/07/2017,2.0,2.0,678.0,44.0,-37.83637,145.24246000000005
ID607863977,16 Smith St,5,h,2600000.0,18/03/2017,4.0,2.0,1000.0,69.0,-37.9332,145.0226
ID491319103,13 Will St,3,t,850500.0,1/07/2017,2.0,2.0,353.0,49.0,-37.83401,145.17757
ID694142607,1A Wallen St,2,h,1035000.0,27/05/2017,1.0,1.0,542.0,34.0,-37.91704,145.01846
ID934346786,11 Findon St,2,h,1036000.0,3/12/2016,1.0,1.0,310.0,109.0,-37.8717,145.0399
ID320217144,8/49 Patterson St,2,u,702000.0,18/06/2016,1.0,1.0,0.0,49.0,-37.8549,144.9662
ID620303645,5 Pamela Ct,4,h,653000.0,3/06/2017,1.0,4.0,632.0,6.0,-37.68136,144.99479
ID689148548,7 Marigolds Rd,3,h,984000.0,29/04/2017,2.0,2.0,552.0,59.0,-37.7285,145.0851
ID464524360,1 Frogmore Rd,3,h,1600000.0,7/05/2016,2.0,2.0,751.0,96.0,-37.8945,145.0648
ID576162677,18 Grandvalley Dr,2,t,520000.0,1/07/2017,2.0,2.0,62.0,5.0,-37.738929999999996,144.87661
ID712883972,16/30 Shelley St,2,u,543000.0,17/06/2017,1.0,1.0,0.0,59.0,-37.88042,144.9818
ID845925676,129 Albion St,4,h,1115000.0,8/10/2016,1.0,0.0,264.0,119.0,-37.7611,144.9677
ID114849702,4 Vain Cl,3,h,665000.0,23/09/2017,1.0,4.0,345.0,39.0,-37.671209999999995,145.06246000000004
ID197356019,179 Beverley Rd,3,h,1224000.0,26/08/2017,1.0,2.0,609.0,59.0,-37.74351,145.07965
ID613648894,37 Brook St,3,h,1400000.0,28/08/2016,2.0,1.0,164.0,129.0,-37.8159,145.0219
ID157058209,23 Park St,2,h,1015000.0,23/09/2017,1.0,1.0,145.0,89.0,-37.7754,144.99275
ID402571587,157 Bastings St,5,h,1750000.0,13/05/2017,2.0,0.0,406.0,119.0,-37.7751,145.0099
ID464183434,5 Ballater St,5,h,1756000.0,17/09/2016,2.0,5.0,963.0,69.0,-37.7501,144.9048
ID354237013,526 Orrong Rd,4,h,3000000.0,4/06/2016,2.0,2.0,1581.0,85.0,-37.858000000000004,145.0111
ID512671908,173 Cumberland Rd,4,h,723000.0,22/05/2016,1.0,2.0,485.0,59.0,-37.7239,144.9395
ID746586081,32 Rose St,1,h,800000.0,18/03/2017,1.0,4.0,330.0,49.0,-37.7577,144.9524
ID174827521,7 Rosina St,4,h,1920000.0,20/05/2017,2.0,2.0,650.0,23.0,-37.9323,145.0445
ID182292223,10 Canning St,4,h,2920000.0,3/09/2016,3.0,4.0,310.0,139.0,-37.7958,144.944
ID695810285,2/7 Mattea Ct,2,u,360000.0,13/08/2016,1.0,1.0,139.0,7.0,-37.7327,145.0347
ID492784352,34 Parker St,3,h,1210000.0,18/03/2017,1.0,1.0,794.0,59.0,-37.7569,145.1179
ID743437183,304/38 Nott St,2,u,795000.0,6/08/2016,2.0,1.0,579.0,6.0,-37.8416,144.9381
ID432844815,28 Moubray St,2,h,2015000.0,3/06/2017,1.0,2.0,178.0,129.0,-37.84098,144.95115
ID895076382,8 Princes St,3,h,1150000.0,8/04/2017,1.0,0.0,308.0,119.0,-37.8526,144.895
ID376704737,121 Murray Rd,4,h,830000.0,3/06/2017,1.0,2.0,540.0,54.0,-37.73935,145.01516999999996
ID405205406,4 Goulburn Wy,4,h,800000.0,22/07/2017,3.0,6.0,876.0,8.0,-37.6899,144.78346000000005
ID640980504,1/23 Eildon Rd,3,u,1190000.0,29/04/2017,1.0,1.0,460.0,64.0,-37.8623,144.9772
ID123979657,2/41 Kangaroo Rd,3,u,1220500.0,24/06/2017,2.0,2.0,462.0,54.0,-37.89767,145.07332
ID265872394,5 Filbert St,3,h,1314000.0,10/09/2016,1.0,2.0,339.0,89.0,-37.8906,145.0221
ID848481798,9 Appleby Ct,3,h,717500.0,26/08/2017,1.0,1.0,554.0,34.0,-37.78514000000001,144.84561000000005
ID419768037,4/38 Alma St,2,u,650000.0,27/05/2017,2.0,2.0,248.0,24.0,-37.72473,145.11657
ID579690666,17 Payne St,3,h,586000.0,23/09/2017,1.0,1.0,534.0,59.0,-37.686409999999995,144.88487
ID878947497,4/5 Miles St,2,u,595000.0,8/04/2017,1.0,1.0,0.0,21.0,-37.8288,144.9679
ID649744742,89 Pearson St,3,h,942000.0,4/03/2017,1.0,0.0,358.0,99.0,-37.7642,144.9493
ID375018012,6 Blenheim St,3,h,1193000.0,18/06/2016,1.0,1.0,178.0,99.0,-37.8663,144.9948
ID339947436,1A Abassia St,3,t,1557000.0,17/06/2017,2.0,2.0,292.0,9.0,-37.80259,145.09878
ID143157740,14 Verdun St,5,h,1650000.0,12/06/2016,5.0,2.0,693.0,89.0,-37.8339,145.0937
ID799674712,64 Queen St,4,h,1360000.0,22/07/2017,2.0,4.0,615.0,49.0,-37.87057,144.83623
ID675528319,6 Murumba St,4,h,865000.0,16/09/2017,2.0,2.0,734.0,39.0,-37.6929,145.1272
ID229537711,1/164 Cornwall Rd,3,u,490000.0,10/12/2016,1.0,1.0,301.0,69.0,-37.7793,144.8427
ID467464685,1018 Drummond St,4,h,2520000.0,16/04/2016,2.0,2.0,504.0,129.0,-37.7805,144.9721
ID372105811,3/11 Ormond Rd,2,u,410000.0,26/07/2016,1.0,1.0,0.0,49.0,-37.903,145.0452
ID707728228,13 Lucifer St,4,h,1670000.0,11/03/2017,3.0,2.0,689.0,27.0,-37.7871,145.0843
ID252107465,129 Glenlyon Rd,3,h,1652000.0,6/05/2017,1.0,2.0,506.0,98.0,-37.7723,144.9694
ID223862277,63 Tucker Rd,4,t,1245000.0,28/08/2016,2.0,2.0,345.0,49.0,-37.9291,145.0491
ID260589927,36 Charles St,4,h,1875000.0,27/06/2016,2.0,2.0,657.0,61.0,-37.7725,144.964
ID779364761,8 Howqua Ct,4,h,1260000.0,23/09/2017,2.0,3.0,682.0,46.0,-37.84454,145.18881000000005
ID770867102,8 Murray Dr,3,h,1588000.0,19/08/2017,2.0,2.0,708.0,54.0,-37.84625,145.10116000000005
ID914823940,26 Kirkwood Av,5,h,3350000.0,12/08/2017,4.0,4.0,700.0,44.0,-37.95762,145.01418
ID812891117,1/36 Pleasant Rd,4,t,1738000.0,15/10/2016,3.0,2.0,324.0,17.0,-37.8348,145.0503
ID674654735,3 Camden Rd,2,h,2920000.0,10/12/2016,1.0,3.0,791.0,91.0,-37.8251,145.0385
ID920768655,95 Pellatt St,4,h,1611000.0,12/08/2017,2.0,2.0,650.0,64.0,-37.98354000000001,145.04261
ID399294821,33 Dunbarton Dr,4,h,908000.0,29/07/2017,2.0,1.0,815.0,39.0,-37.84839,145.24191000000005
ID297311690,2/481 St Kilda St,3,t,1360000.0,27/05/2017,2.0,2.0,797.0,22.0,-37.8867,144.99141
ID640355007,13/30 Maroo St,3,u,855000.0,4/03/2017,1.0,2.0,0.0,99.0,-37.8909,145.0807
ID974236896,12 The Summit,4,h,1085000.0,27/05/2017,2.0,2.0,798.0,49.0,-37.79395,145.21878
ID584693916,3 Murphy St,3,h,1470000.0,17/09/2016,1.0,0.0,232.0,89.0,-37.7977,144.9512
ID484268388,382 Wellington St,2,h,855000.0,12/11/2016,1.0,0.0,130.0,129.0,-37.7953,144.9882
ID342236890,742 Barkly St,3,h,1415000.0,4/02/2016,1.0,6.0,970.0,64.0,-37.7958,144.8645
ID951362150,1/164 Leamington St,1,u,216000.0,24/09/2016,1.0,1.0,0.0,49.0,-37.7111,144.9919
ID951116086,2/21 Oakes Av,2,u,575000.0,3/09/2017,1.0,2.0,914.0,49.0,-37.93524,145.1306
ID152406525,4/71 Station Rd,2,t,400000.0,8/07/2017,1.0,1.0,102.0,7.0,-37.711220000000004,144.91863
ID366337426,17 New St,3,h,1900000.0,6/08/2016,0.0,0.0,0.0,26.0,-37.9301,144.9935
ID191830654,34 Ayr St,3,h,826000.0,28/08/2016,1.0,4.0,192.0,49.0,-37.7837,145.1027
ID508022420,4/32 Linacre Rd,2,u,750000.0,18/06/2016,1.0,2.0,153.0,49.0,-37.9429,145.0049
ID977121146,11/1 Windsor St,2,t,475000.0,25/02/2017,1.0,1.0,115.0,39.0,-37.7948,144.85399999999996
ID762847209,42 Marlborough St,2,u,835000.0,17/09/2016,2.0,1.0,362.0,59.0,-37.9149,145.0676
ID181912643,38 Simpson St,3,h,1275000.0,25/02/2017,1.0,2.0,229.0,109.0,-37.8172,144.8919
ID661545191,7 Reddan Ct,4,h,1460800.0,19/11/2016,3.0,2.0,654.0,49.0,-37.7856,145.1088
ID599764058,61 Station Rd,3,h,990000.0,12/11/2016,1.0,0.0,371.0,109.0,-37.8066,144.8853
ID211294492,14 Sturdee Rd,3,h,904000.0,15/07/2017,1.0,2.0,720.0,59.0,-37.803490000000004,145.19666
ID813296094,7 Hanson Ct,5,h,1300000.0,27/05/2017,3.0,2.0,771.0,109.0,-37.68166,144.77421999999999
ID887332437,2/25 Harold St,2,u,425500.0,15/07/2017,1.0,1.0,1727.0,59.0,-37.77341,144.9013
ID163822045,68b Derby St,4,h,1310000.0,12/06/2016,2.0,2.0,282.0,49.0,-37.7709,145.0057
ID902770166,23 Maud St,2,h,1350000.0,18/03/2017,1.0,2.0,467.0,69.0,-37.7945,145.067
ID961072738,2/12 Blenheim St,2,u,495000.0,8/10/2016,1.0,1.0,96.0,59.0,-37.9102,145.0709
ID418739095,1/4 Hill St,2,u,665000.0,23/04/2016,1.0,3.0,0.0,54.0,-37.8183,145.0194
ID510865603,1/2 Griffiths St,4,t,1030000.0,10/12/2016,2.0,2.0,216.0,24.0,-37.8887,145.0318
ID460841506,18 Norton St,3,h,586000.0,27/06/2016,1.0,1.0,701.0,59.0,-37.7843,144.8052
ID205807638,30 Alexander St,3,h,1297000.0,8/07/2017,2.0,0.0,186.0,129.0,-37.79557,144.99158
ID237451364,6 Aquila St,5,h,3000000.0,26/08/2017,4.0,2.0,830.0,69.0,-37.78739,145.07388999999995
ID633885294,10 Intervale Dr,4,h,790000.0,27/11/2016,2.0,2.0,570.0,24.0,-37.7513,144.859
ID748906880,1/217 Woods St,3,h,785000.0,4/03/2017,2.0,2.0,0.0,6.0,-37.8447,144.8654
ID640972063,2 Tennyson St,4,h,2001000.0,15/10/2016,2.0,2.0,526.0,109.0,-37.8771,145.0505
ID231142866,6/5 Liardet St,2,u,816000.0,24/06/2017,1.0,1.0,0.0,19.0,-37.84237,144.94486
ID924327016,15 Whyte St,3,h,2266000.0,4/03/2017,2.0,2.0,450.0,22.0,-37.9243,144.9989
ID822621698,16 Milford St,2,h,760000.0,28/08/2016,1.0,2.0,255.0,89.0,-37.8469,144.8766
ID816583047,36 Tyrone St,3,h,1540000.0,28/05/2016,2.0,1.0,149.0,16.0,-37.8448,144.9882
ID124321671,333 The Boulevard,5,h,1797000.0,22/05/2016,3.0,3.0,826.0,64.0,-37.7793,145.0654
ID705008869,191 Ohea St,4,h,905000.0,4/06/2016,2.0,1.0,439.0,109.0,-37.7363,144.9507
ID160404916,155 Westbourne Gr,3,h,1510000.0,30/07/2016,1.0,3.0,327.0,119.0,-37.7741,144.9971
ID117369247,4/12 Ellesmere Rd,2,u,800000.0,7/05/2016,1.0,1.0,0.0,89.0,-37.8577,145.0002
ID841610201,11 Arden Ct,4,h,2162000.0,3/06/2017,2.0,3.0,794.0,69.0,-37.79172,145.05863
ID131237828,54 Devon Dr,3,h,1120000.0,29/07/2017,1.0,1.0,725.0,54.0,-37.79509,145.15591
ID262493948,3 Hayball Ct,4,h,2415000.0,20/05/2017,3.0,2.0,402.0,44.0,-37.9037,144.9926
ID275222647,4/18 Shaftesbury St,1,u,280000.0,27/05/2017,1.0,1.0,28.0,49.0,-37.75209,144.92255
ID203822434,16 Drew St,3,h,935000.0,4/03/2017,1.0,2.0,662.0,8.0,-37.738,144.869
ID155491898,41 Shelley St,3,h,1465000.0,12/11/2016,2.0,2.0,233.0,26.0,-37.8122,144.9937
ID445867907,4/175 Chetwynd St,2,u,720000.0,10/12/2016,2.0,1.0,0.0,21.0,-37.8015,144.9526
ID986185559,101 Ellesmere Pde,4,h,1020000.0,7/05/2016,2.0,2.0,843.0,79.0,-37.7348,145.0656
ID400129573,49 Metung St,5,h,3400000.0,18/06/2016,6.0,4.0,739.0,29.0,-37.8039,145.0714
ID774662680,24 South St,3,t,750000.0,12/06/2016,2.0,2.0,301.0,8.0,-37.715,144.9475
ID908687535,7 Kenneth St,3,h,1100000.0,4/03/2017,2.0,3.0,490.0,69.0,-37.7413,145.0203
ID352948793,17 Barclay Dr,3,h,877000.0,24/06/2017,1.0,2.0,533.0,54.0,-37.96257,145.08252
ID927911375,5 Konrad St,3,h,1040000.0,27/11/2016,1.0,2.0,625.0,23.0,-37.927,145.0645
ID955017917,34 Cobden St,2,h,1275000.0,19/11/2016,1.0,0.0,381.0,3.0,-37.8033,145.036
ID980166030,6 Tilley St,3,h,1145000.0,27/05/2017,1.0,2.0,584.0,69.0,-37.96911,145.07271
ID146693456,1/285 Thompsons Rd,4,t,1010000.0,3/06/2017,3.0,2.0,332.0,6.0,-37.76577,145.10728999999995
ID180646247,29 Tait St,2,h,1325000.0,28/08/2016,1.0,0.0,160.0,114.0,-37.783,144.9866
ID440488203,3/595 Burke Rd,2,t,775000.0,27/11/2016,2.0,1.0,103.0,59.0,-37.8406,145.0545
ID282173188,38 Upland Rd,3,h,1742000.0,12/08/2017,2.0,3.0,697.0,64.0,-37.74057,144.92172
ID209309897,3 David Rd,4,h,1050000.0,27/05/2017,2.0,2.0,1529.0,19.0,-37.74113,145.22308999999996
ID214778724,202/51 Gordon St,1,u,85000.0,3/09/2016,1.0,0.0,0.0,12.0,-37.7911,144.89
ID212594361,25 Chelmsford St,2,h,960000.0,26/07/2016,1.0,0.0,179.0,119.0,-37.7963,144.9327
ID840851714,11 Wilson St,4,h,2620000.0,28/08/2016,4.0,2.0,579.0,7.0,-37.9155,145.0243
ID761726337,57A Binbrook Dr,3,h,730000.0,12/08/2017,2.0,2.0,269.0,12.0,-37.78499,145.2647
ID780042362,87 Silver St,3,h,842000.0,3/06/2017,1.0,1.0,960.0,49.0,-37.709,145.14131
ID182537314,20 Orlit Ct,3,h,647000.0,16/09/2017,2.0,4.0,614.0,99.0,-37.64035,145.05624
ID929451865,7 Stanley St,4,h,3225000.0,27/05/2017,3.0,3.0,803.0,39.0,-37.9146,145.00535
ID202634595,9/24 Dongola Rd,3,h,900000.0,24/09/2016,2.0,3.0,446.0,13.0,-37.7923,144.8814
ID964782368,26a Violet St,3,u,891000.0,15/10/2016,2.0,1.0,0.0,104.0,-37.7546,144.9134
ID969599958,318/6 Lisson Gr,1,u,485000.0,28/08/2016,1.0,1.0,0.0,19.0,-37.8264,145.02700000000004
ID859889169,3/16 Wheeler St,3,u,932000.0,15/10/2016,2.0,1.0,180.0,22.0,-37.9069,145.041
ID665150951,7 Lockwood St,4,h,1450000.0,16/09/2017,2.0,2.0,689.0,79.0,-37.93031,145.03816
ID354683020,28 Blair St,2,h,1100000.0,10/09/2016,1.0,0.0,153.0,119.0,-37.7705,144.9647
ID678588086,16 Riverview Rd,3,h,1890000.0,19/08/2017,2.0,1.0,632.0,79.0,-37.79094,145.07899
ID320276020,1/9 Indwe St,3,t,620000.0,15/10/2016,1.0,2.0,255.0,18.0,-37.8038,144.8679
ID444679353,4 Bell St,4,h,1790000.0,27/06/2016,1.0,1.0,416.0,99.0,-37.7737,144.965
ID218027246,5/232 Nicholson St,1,u,310000.0,17/06/2017,1.0,0.0,0.0,131.0,-37.80376,144.89862
ID267002542,2/33 Oakleigh Rd,2,t,930000.0,10/12/2016,2.0,1.0,166.0,10.0,-37.8982,145.0488
ID662691804,24 Columbia St,3,h,1110000.0,9/09/2017,1.0,2.0,704.0,49.0,-37.93409000000001,145.08383
ID227878330,54 Warralong Av,3,h,896000.0,15/07/2017,2.0,1.0,653.0,49.0,-37.71846,145.09689
ID630256769,21 Ardyne St,4,h,1610000.0,15/10/2016,2.0,2.0,660.0,99.0,-37.8932,145.0681
ID286455064,82 Southern Rd,3,h,650000.0,16/04/2016,1.0,2.0,582.0,64.0,-37.7422,145.05
ID907420161,5 Alma Ct,5,h,1530000.0,22/07/2017,3.0,2.0,851.0,44.0,-37.78109,145.13745
ID865493781,27 Sunhill Rd,4,h,1825000.0,17/09/2016,3.0,2.0,366.0,20.0,-37.8503,145.0586
ID209309897,3 David Rd,4,h,1050000.0,27/05/2017,2.0,2.0,1529.0,19.0,-37.74113,145.22308999999996
ID450676879,8/46 Kororoit Creek Rd,2,u,460000.0,11/03/2017,1.0,1.0,0.0,40.0,-37.8573,144.8854
ID174010162,297 Ross St,4,h,2625000.0,3/09/2017,3.0,2.0,202.0,119.0,-37.83247,144.94212
ID333328108,2/709 Pascoe Vale Rd,3,u,470000.0,18/06/2016,1.0,2.0,187.0,5.0,-37.7098,144.9163
ID387805417,8 Campbell St,3,h,1528500.0,4/03/2017,1.0,1.0,375.0,89.0,-37.8015,145.0505
ID856020717,104 Wright St,3,h,570000.0,19/11/2016,1.0,2.0,535.0,49.0,-37.7956,144.8292
ID356025624,64 Henkel St,3,h,990000.0,19/11/2016,2.0,1.0,194.0,59.0,-37.7653,144.9567
ID779041112,305/45 York St,1,u,402000.0,17/09/2016,1.0,1.0,0.0,119.0,-37.813,144.993
ID427518125,94 Burlington St,3,h,880000.0,7/11/2016,1.0,1.0,670.0,94.0,-37.9033,145.1006
ID443454374,145a Victory Rd,2,u,440000.0,13/08/2016,1.0,1.0,192.0,26.0,-37.7177,144.8787
ID140507885,49 Phoenix Dr,5,h,1223000.0,27/05/2017,3.0,2.0,762.0,7.0,-37.91199,145.18419
ID664266566,4/51 Spenser St,2,u,760000.0,27/11/2016,1.0,0.0,0.0,89.0,-37.8718,144.9776
ID372105811,3/11 Ormond Rd,2,u,410000.0,26/07/2016,1.0,1.0,0.0,49.0,-37.903,145.0452
ID588310580,1/44 Shady Gr,4,t,1175000.0,8/07/2017,3.0,2.0,289.0,8.0,-37.82895,145.17678
ID304372037,102/159 Beach St,2,u,950000.0,22/04/2017,2.0,1.0,98.0,14.0,-37.8392,144.9257
ID620142979,83 Scott St,3,t,890500.0,15/10/2016,2.0,1.0,213.0,69.0,-37.7631,144.9073
ID538872730,57 Yarralea St,3,t,1285000.0,13/05/2017,2.0,2.0,528.0,52.0,-37.7817,145.0319
ID900278601,32c Burns St,2,t,510000.0,22/08/2016,1.0,2.0,118.0,5.0,-37.787,144.8748
ID473660834,426 Dorcas St,4,h,1800000.0,12/08/2017,3.0,1.0,153.0,119.0,-37.83591,144.94963
ID909436142,36 Windsor St,3,h,932000.0,13/08/2016,1.0,1.0,451.0,109.0,-37.8023,144.8915
ID428637658,8/236 Wattletree Rd,1,u,405000.0,27/06/2016,1.0,1.0,0.0,109.0,-37.8637,145.0373
ID514695709,3 Leopold St,2,h,886000.0,17/09/2016,1.0,2.0,467.0,69.0,-37.7345,144.9977
ID884032917,640B Hampton St,2,t,960000.0,10/12/2016,1.0,2.0,363.0,7.0,-37.9275,145.0046
ID885242004,4 Ida St,3,h,1100000.0,27/06/2016,1.0,1.0,655.0,69.0,-37.7459,144.8906
ID498844724,250 Arthur St,3,h,1145000.0,28/08/2016,1.0,3.0,590.0,17.0,-37.7673,145.02100000000004
ID961289375,50 Bamfield St,4,h,2700000.0,9/09/2017,2.0,1.0,722.0,129.0,-37.94804,145.00756
ID444145414,33 River St,4,h,1215000.0,24/09/2016,3.0,4.0,613.0,69.0,-37.7799,144.8879
ID941061564,5 Charles St,4,h,2010000.0,10/12/2016,2.0,2.0,659.0,89.0,-37.8509,145.0916
ID763462974,19 The Strand,4,h,1250000.0,27/05/2017,2.0,2.0,560.0,14.0,-38.00512,145.14935
ID640814862,59 Winton Rd,3,h,2550000.0,26/08/2017,2.0,3.0,1170.0,69.0,-37.87253,145.0705
ID329996506,41 Felix Cr,4,h,812000.0,12/08/2017,2.0,2.0,962.0,14.0,-37.80161,145.22151000000005
ID874668153,280 Nott St,2,h,1355000.0,17/06/2017,1.0,0.0,156.0,69.0,-37.83343,144.94554
ID596167638,5 Kendall St,3,h,1265000.0,4/03/2017,2.0,1.0,465.0,69.0,-37.7471,144.9877
ID555892909,2/35 Boisdale St,2,u,825000.0,13/05/2017,1.0,2.0,180.0,49.0,-37.8351,145.10299999999995
ID925506326,37 Orange St,3,h,1270000.0,12/11/2016,1.0,2.0,694.0,10.0,-37.9174,145.0779
ID573672536,239 Victoria Rd,3,h,1000000.0,24/09/2016,1.0,1.0,440.0,89.0,-37.7663,145.0118
ID328192979,30 Sherwin St,3,h,601000.0,29/07/2017,2.0,1.0,972.0,23.0,-37.51232,145.13282
ID463933212,8/25 Omama Rd,1,u,295000.0,29/07/2017,1.0,1.0,0.0,49.0,-37.89022,145.07333
ID717893040,20 Linnet St,4,h,780000.0,4/06/2016,1.0,4.0,655.0,89.0,-37.868,144.8154
ID223969988,32 Geddes St,4,h,1110000.0,27/11/2016,2.0,1.0,349.0,99.0,-37.7775,144.91299999999995
ID302140911,12 Irma Gr,3,h,1017500.0,22/04/2017,1.0,1.0,620.0,8.0,-37.7303,144.9445
ID242533768,2/25 Brooks St,3,u,800000.0,28/05/2016,2.0,2.0,261.0,59.0,-37.9163,145.0779
ID978893103,14 Finlay St,4,h,1028000.0,25/02/2017,2.0,2.0,431.0,99.0,-37.8186,144.8764
ID784539306,2/118 Bruce St,3,t,640000.0,10/12/2016,1.0,2.0,119.0,24.0,-37.7403,144.9491
ID177740912,31 Southampton St,3,h,860500.0,17/09/2016,2.0,2.0,322.0,39.0,-37.7963,144.8862
ID899106936,7/5 Allard St,2,u,370000.0,27/06/2016,1.0,1.0,0.0,49.0,-37.7686,144.9421
ID718875786,107 Willis St,5,h,2980000.0,19/11/2016,3.0,2.0,694.0,8.0,-37.9372,145.0101
ID246171657,46 Meredith St,3,h,1335000.0,19/08/2017,1.0,1.0,697.0,39.0,-37.6882,144.92541
ID796370805,74 Devereaux St,3,h,840000.0,17/06/2017,1.0,1.0,722.0,59.0,-37.71433,144.90616
ID499558280,46 Chambers Rd,5,h,1500000.0,8/07/2017,3.0,2.0,1068.0,19.0,-37.83794,144.84231
ID313297814,22 Shannon Ct,5,h,955000.0,24/06/2017,3.0,2.0,619.0,44.0,-37.97545,145.12053999999995
ID355069339,10 View Ct,4,h,737500.0,27/05/2017,2.0,2.0,704.0,15.0,-37.68175,144.74087
ID933728739,72 Ramsden St,3,h,1660000.0,13/05/2017,1.0,2.0,290.0,115.0,-37.7906,144.9993
ID269931015,18 Patricia St,3,h,1020000.0,27/11/2016,1.0,2.0,596.0,59.0,-37.9251,145.0771
ID423010545,73 Park St,4,h,910000.0,27/11/2016,2.0,0.0,934.0,21.0,-37.7232,144.923
ID136910697,13 Apollo Rd,3,h,685000.0,29/07/2017,1.0,2.0,678.0,15.0,-37.70892,144.80087
ID578900953,4 Box Ct,3,h,1640000.0,29/04/2017,1.0,2.0,733.0,49.0,-37.9219,145.0518
ID799553222,87 Palmerston St,3,h,1263000.0,9/09/2017,1.0,1.0,110.0,139.0,-37.79667,144.97204
ID957523631,5/3 Lennox St,2,u,420000.0,10/09/2016,1.0,1.0,0.0,69.0,-37.7701,144.9079
ID542515120,87 Orrong Rd,3,h,1750000.0,19/11/2016,2.0,2.0,517.0,119.0,-37.8813,145.0063
ID961799543,16 Stennis St,4,h,955000.0,4/03/2017,2.0,2.0,686.0,69.0,-37.731,144.9486
ID608138133,7 Collinson St,3,h,690000.0,17/06/2017,1.0,2.0,650.0,41.0,-37.72529,144.85682
ID748775833,13 Melaleuca Av,6,h,2000000.0,29/07/2017,3.0,2.0,1054.0,49.0,-37.77404,145.11703
ID461422702,31 Fenwick St,2,h,1450000.0,18/03/2017,1.0,0.0,156.0,129.0,-37.7892,144.9999
ID961699749,42 Henshall Rd,3,h,1285000.0,30/07/2016,2.0,2.0,616.0,59.0,-37.7373,144.9155
ID503548152,25 Agnew St,4,h,1650000.0,22/05/2016,2.0,4.0,506.0,22.0,-37.9111,145.0108
ID769843879,4/66 Alma Rd,2,u,535000.0,19/11/2016,1.0,1.0,0.0,6.0,-37.861,144.9891
ID853226585,62 Clifton St,4,h,1350000.0,12/11/2016,2.0,2.0,815.0,64.0,-37.794000000000004,145.1019
ID968910513,4 Lysterfield Dr,5,h,800000.0,8/07/2017,3.0,2.0,544.0,11.0,-37.61079,144.90823
ID259757332,79 Christmas St,2,h,1170000.0,18/06/2016,1.0,3.0,453.0,99.0,-37.7666,145.0132
ID668851437,1/22 Gerald St,4,t,1100000.0,4/03/2017,3.0,2.0,286.0,29.0,-37.8958,145.0696
ID374269925,255 Elgar Rd,4,h,1300000.0,10/09/2016,2.0,2.0,809.0,69.0,-37.8337,145.1118
ID286812230,3/76 Southernhay St,2,t,668500.0,1/07/2017,2.0,1.0,138.0,5.0,-37.72487,145.00705
ID910882524,27 Gerald St,4,h,1850000.0,16/09/2017,2.0,2.0,628.0,7.0,-37.82942,145.16714
ID937123451,63 Kent St,2,h,751000.0,7/05/2016,1.0,1.0,118.0,129.0,-37.7807,144.9288
ID891077959,67 Norwood St,3,h,621000.0,20/05/2017,1.0,3.0,547.0,49.0,-37.7765,144.8123
ID961072738,2/12 Blenheim St,2,u,495000.0,8/10/2016,1.0,1.0,96.0,59.0,-37.9102,145.0709
ID985646929,16/74 Thomas St,2,t,345000.0,15/07/2017,1.0,1.0,305.0,20.0,-37.6522,145.09261
ID853213274,14 Knight St,3,h,1195000.0,19/11/2016,2.0,2.0,496.0,94.0,-37.7559,144.8991
ID441500018,2/16 Westminster St,2,t,1255000.0,3/09/2016,1.0,1.0,208.0,19.0,-37.8128,145.0975
ID211367957,298 Douglas Pde,3,h,1400000.0,8/04/2017,1.0,4.0,644.0,79.0,-37.8457,144.8924
ID574682179,3 Oshannassy St,3,h,1580000.0,4/06/2016,2.0,2.0,758.0,44.0,-37.7401,144.9013
ID373651416,88 Monash St,2,h,720000.0,28/05/2016,1.0,2.0,465.0,11.0,-37.7889,144.8362
ID756532420,18/41 Kooyong Rd,2,u,645000.0,8/10/2016,1.0,1.0,0.0,59.0,-37.8596,145.0198
ID434527642,35 Myrtle Rd,4,h,3145000.0,27/11/2016,2.0,2.0,796.0,7.0,-37.8266,145.072
ID363873839,10 Castella Ct,3,h,450000.0,8/07/2017,1.0,1.0,702.0,49.0,-37.66059,144.92006
ID948353422,30 Mountfield St,2,h,1073000.0,28/08/2016,1.0,1.0,182.0,109.0,-37.7629,144.968
ID112505529,23 Cromwell St,3,h,660000.0,28/08/2016,1.0,2.0,657.0,69.0,-37.7019,144.9225
ID902865165,4/42 Adelaide St,2,u,700500.0,3/06/2017,1.0,1.0,0.0,39.0,-37.85385,145.0284
ID893448093,24 Doyle St,3,h,750000.0,17/06/2017,1.0,1.0,585.0,54.0,-37.759859999999996,144.85886000000005
ID233905399,2/28 Broadmeadows Rd,2,u,470000.0,15/07/2017,1.0,1.0,161.0,59.0,-37.705859999999994,144.87947
ID620150049,52a William St,2,h,1100000.0,18/06/2016,2.0,1.0,124.0,6.0,-37.8079,144.9977
ID798419737,3 Parker St,3,h,916000.0,10/12/2016,1.0,3.0,523.0,44.0,-37.7314,145.0017
ID761081496,108 Oak Av,3,t,840000.0,3/09/2017,2.0,2.0,163.0,7.0,-37.97459,145.06937
ID664603716,4 Invermay Gr,3,h,1768000.0,9/09/2017,2.0,2.0,304.0,49.0,-37.832770000000004,145.04373
ID539716196,57 Frensham Rd,3,h,581000.0,3/12/2016,2.0,2.0,567.0,49.0,-37.7148,145.0851
ID401448692,88 Victoria St,3,h,875000.0,18/03/2017,1.0,0.0,262.0,39.0,-37.8022,144.8924
ID850157485,17 Wicklow St,3,h,881000.0,15/07/2017,1.0,1.0,480.0,12.0,-37.71893,144.94246
ID580976147,1/109 Arden St,2,u,665500.0,27/11/2016,2.0,1.0,0.0,7.0,-37.8009,144.9471
ID664690235,1/54 Maud St,3,t,1721000.0,15/07/2017,2.0,2.0,301.0,24.0,-37.79535,145.07131
ID323123634,2/17 Greene St,2,u,321000.0,13/05/2017,1.0,1.0,0.0,49.0,-37.8288,144.8711
ID558917890,3/13 Graham Rd,3,u,590000.0,24/06/2017,1.0,1.0,179.0,13.0,-38.07483,145.13133
ID605673317,48 Coonawarra Dr,4,h,1138000.0,19/08/2017,2.0,2.0,784.0,39.0,-37.852109999999996,145.20174
ID823896443,22 Sycamore St,3,h,1450000.0,13/08/2016,2.0,1.0,478.0,94.0,-37.8893,145.0161
ID950029362,7/89 Station Rd,2,u,340000.0,12/11/2016,1.0,1.0,0.0,49.0,-37.7071,144.9176
ID521024589,54 The Parade,3,h,1230000.0,17/06/2017,1.0,1.0,504.0,109.0,-37.77279,144.91732
ID187259528,77A Orange St,3,t,1280000.0,19/08/2017,2.0,2.0,335.0,6.0,-37.91783,145.0816
ID800072901,1/39 Alexandra St,2,u,610000.0,15/07/2017,1.0,1.0,168.0,34.0,-37.708009999999994,145.10689
ID113806340,9 Willow Dr,3,h,850000.0,18/03/2017,1.0,2.0,766.0,20.0,-37.7522,144.8518
ID219045262,638 Riversdale Rd,3,h,1750000.0,25/02/2017,2.0,3.0,780.0,29.0,-37.8328,145.0679
ID585215025,22 Hutchinson St,5,h,1385000.0,28/08/2016,2.0,2.0,664.0,69.0,-37.9241,145.048
ID221207874,15 Eureka Rd,3,h,435000.0,27/05/2017,1.0,2.0,608.0,9.0,-37.6204,144.71138
ID530215092,1/64 Lower Plenty Rd,2,u,675000.0,3/06/2017,1.0,1.0,247.0,59.0,-37.74427,145.06293
ID856519758,47 Parkmore Rd,4,h,1370000.0,26/08/2017,3.0,3.0,605.0,89.0,-37.91487,145.06623000000005
ID410864294,10 Dartford St,3,h,1250000.0,6/05/2017,2.0,2.0,226.0,17.0,-37.7824,144.9243
ID151325830,1/6 Blackburn St,2,h,1250000.0,20/05/2017,2.0,1.0,323.0,39.0,-37.823,145.0993
ID931065053,2/60 David St,2,h,535600.0,30/07/2016,1.0,1.0,154.0,23.0,-37.8646,144.8272
ID568242620,21 Mitchell St,4,h,2990000.0,22/04/2017,1.0,2.0,557.0,49.0,-37.7721,145.0004
ID522920880,61 Mooltan St,3,h,1257000.0,13/08/2016,2.0,1.0,337.0,89.0,-37.7813,144.9371
ID872199131,6/14 Shelley St,2,u,599999.0,3/12/2016,1.0,0.0,0.0,18.0,-37.8808,144.9847
ID864690380,74 Lincoln Dr,4,h,845000.0,4/06/2016,1.0,1.0,622.0,54.0,-37.7425,144.8683
ID345023487,99 Grandview Rd,4,h,1480000.0,19/08/2017,3.0,2.0,649.0,83.0,-37.9163,145.19612
ID739781789,61 McKimmies Rd,3,h,487000.0,27/05/2017,1.0,1.0,533.0,49.0,-37.67605,145.03956000000005
ID807342717,7/844 Malvern Rd,2,u,471500.0,30/07/2016,1.0,1.0,0.0,39.0,-37.8503,145.0185
ID627131624,18 Watson St,4,h,2340000.0,13/05/2017,2.0,2.0,586.0,79.0,-37.8541,145.0738
ID927730224,7/129 Hoddle St,2,u,890500.0,1/07/2017,2.0,2.0,180.0,79.0,-37.81443,144.99079
ID670879423,7 Wallace St,3,h,721000.0,8/10/2016,2.0,1.0,239.0,64.0,-37.7882,144.8784
ID883442570,71A Price St,3,t,935000.0,27/11/2016,2.0,2.0,247.0,49.0,-37.7462,144.8949
ID970568545,4/25 Kingsley St,1,u,451000.0,19/11/2016,1.0,1.0,0.0,49.0,-37.8895,144.9902
ID288928781,6 Clyde St,3,h,1050000.0,1/07/2017,2.0,1.0,563.0,15.0,-37.769,144.89934
ID366895392,9/384 Toorak Rd,2,u,485000.0,8/04/2017,1.0,0.0,5467.0,49.0,-37.8406,145.0035
ID690618344,41 Clayton Rd,2,h,1114000.0,3/06/2017,1.0,1.0,703.0,59.0,-37.902409999999996,145.12378
ID711086217,3/27 Gladstone Pde,2,u,465000.0,25/02/2017,1.0,1.0,176.0,7.0,-37.7081,144.912
ID388077575,2/377 Dandenong Rd,2,u,872000.0,25/02/2017,1.0,1.0,1194.0,66.0,-37.8604,145.0147
ID939730058,4 Norris St,4,h,2860000.0,7/11/2016,2.0,2.0,779.0,5.0,-37.8185,145.0878
ID875642188,4/2 Hornby St,1,t,681000.0,24/09/2016,1.0,1.0,166.0,7.0,-37.9159,145.019
ID139113763,5 Charlotte St,2,h,1000000.0,19/11/2016,1.0,2.0,159.0,139.0,-37.7962,144.9887
ID196002282,2A Dianne St,3,h,1360000.0,27/05/2017,2.0,2.0,402.0,12.0,-37.79408,145.16352
ID655132362,10 Shearers Ct,5,h,1360000.0,19/08/2017,3.0,2.0,882.0,49.0,-37.85995,145.18579
ID782649308,3/15 Mitchell St,2,u,735000.0,6/05/2017,1.0,2.0,173.0,49.0,-37.7586,144.9653
ID265568230,49 Leopold St,4,h,2600000.0,18/03/2017,2.0,2.0,141.0,139.0,-37.8366,144.9827
ID262848924,7 Walsh Av,3,h,1290000.0,26/08/2017,1.0,1.0,580.0,49.0,-37.94492,145.04938
ID721159386,105/18 Bent St,2,u,730000.0,17/06/2017,2.0,1.0,2135.0,9.0,-37.795609999999996,144.93499
ID728116785,8 Hayden St,3,h,492000.0,27/05/2017,1.0,1.0,581.0,24.0,-37.877109999999995,144.68825
ID470158409,27/789 Malvern Rd,2,u,380000.0,7/11/2016,1.0,1.0,0.0,61.0,-37.8501,145.0199
ID782844403,151 Ogilvie St,3,h,1266000.0,16/07/2016,1.0,2.0,635.0,99.0,-37.74,144.8941
ID548511630,89 South Rd,3,h,2020000.0,17/09/2016,6.0,2.0,685.0,61.0,-37.9284,144.9986
ID773868417,1/29 Main Rd,2,u,420000.0,12/08/2017,1.0,1.0,119.0,19.0,-37.728609999999996,145.109
ID871746345,29 Byfield St,3,h,877500.0,24/06/2017,1.0,1.0,598.0,11.0,-37.71394,145.00387
ID487869715,53 Gloucester Rd,2,h,1450000.0,8/04/2017,1.0,1.0,627.0,10.0,-37.8689,145.0882
ID598396487,1/14 Denbigh Rd,2,u,598000.0,25/02/2017,1.0,1.0,0.0,49.0,-37.8593,145.0156
ID260873409,17 Timbarra Dr,4,h,665000.0,22/07/2017,2.0,2.0,520.0,5.0,-37.91859,144.64143
ID840692023,109 Ramu Pde,2,h,680000.0,18/03/2017,1.0,1.0,591.0,64.0,-37.7385,145.0387
ID816529885,17 John St,2,h,1225000.0,27/05/2017,1.0,2.0,567.0,79.0,-37.90193,145.10107
ID337074870,103 High St,4,h,1430000.0,8/07/2017,2.0,2.0,736.0,51.0,-37.781009999999995,145.1111
ID478228279,17 Monash St,3,h,1230000.0,20/05/2017,1.0,2.0,538.0,8.0,-37.7808,144.9083
ID754531970,9 Grace St,3,h,1000000.0,4/03/2017,2.0,2.0,739.0,49.0,-37.7104,145.0817
ID206610498,8/12 Irvine St,3,t,800000.0,17/06/2017,2.0,2.0,343.0,9.0,-37.82158,145.21129
ID366895392,9/384 Toorak Rd,2,u,485000.0,8/04/2017,1.0,0.0,5467.0,49.0,-37.8406,145.0035
ID760283348,15 Ronald St,3,h,655000.0,3/12/2016,1.0,0.0,404.0,69.0,-37.7305,144.9803
ID395210057,2/65 Purinuan Rd,3,h,635000.0,17/06/2017,2.0,2.0,247.0,10.0,-37.70952,145.02823999999995
ID708641555,4/4 Raynes St,2,t,700000.0,13/08/2016,1.0,1.0,104.0,59.0,-37.8061,145.0878
ID308612822,1/80 Argyle St,4,u,540000.0,24/09/2016,2.0,3.0,209.0,59.0,-37.7172,144.968
ID144230630,1002/480 Riversdale Rd,2,u,1462000.0,8/04/2017,2.0,3.0,0.0,9.0,-37.8315,145.0559
ID406237693,2/30 Dudley St,2,u,792000.0,3/06/2017,1.0,1.0,0.0,74.0,-37.80823,144.95452
ID380189760,15 Clifford St,4,h,705000.0,27/05/2017,2.0,4.0,765.0,44.0,-37.854,145.2565
ID612516469,30 Browns Rd,2,u,772500.0,27/06/2016,1.0,2.0,318.0,14.0,-37.9218,145.0563
ID920291011,13 Haldane Rd,3,h,935000.0,6/05/2017,1.0,2.0,657.0,69.0,-37.7356,144.8859
ID322647993,1/14 Forrester St,2,u,645000.0,10/09/2016,1.0,1.0,228.0,49.0,-37.7531,144.9059
ID709428343,45 Stevenson St,4,h,2265000.0,18/03/2017,1.0,1.0,650.0,89.0,-37.8098,145.02200000000005
ID114267008,1/37 Aylmer St,3,u,1420000.0,17/06/2017,2.0,2.0,0.0,9.0,-37.79673,145.06853
ID285792750,31 Massey St,3,h,900000.0,16/07/2016,2.0,2.0,366.0,6.0,-37.792,145.1077
ID441940707,10/391 Toorak Rd,2,u,1340000.0,22/07/2017,2.0,2.0,0.0,24.0,-37.84018,145.00265
ID253595035,34 Joan St,3,h,682000.0,26/07/2016,1.0,1.0,694.0,59.0,-37.7894,144.8027
ID560904227,81 Dalpura Cct,3,h,491000.0,27/05/2017,1.0,2.0,602.0,18.0,-38.13759,145.17054
ID255138991,4 Benton Ct,3,h,1250000.0,17/09/2016,2.0,1.0,728.0,54.0,-37.7813,145.1318
ID472529870,4 Colric Pl,3,h,900000.0,12/08/2017,2.0,2.0,812.0,39.0,-37.70577,145.1316
ID162341569,27 The Avenue,3,h,1016000.0,26/07/2016,1.0,1.0,320.0,79.0,-37.8277,144.8841
ID860178363,8 Conifer Cl,3,h,660000.0,9/09/2017,1.0,3.0,467.0,34.0,-37.69271,144.891
ID779364761,8 Howqua Ct,4,h,1260000.0,23/09/2017,2.0,3.0,682.0,46.0,-37.84454,145.18881000000005
ID296074471,4/167 Murrumbeena Rd,1,u,331000.0,18/03/2017,1.0,1.0,0.0,99.0,-37.8961,145.0651
ID364984673,2 Henderson St,7,h,1205000.0,15/10/2016,3.0,1.0,447.0,37.0,-37.7634,144.9403
ID866831002,15 Miles St,3,h,1100000.0,4/06/2016,2.0,2.0,0.0,94.0,-37.922,145.0302
ID149283192,69 Hotham St,2,t,750000.0,3/09/2016,1.0,1.0,115.0,59.0,-37.7968,144.9891
ID848481798,9 Appleby Ct,3,h,717500.0,26/08/2017,1.0,1.0,554.0,34.0,-37.78514000000001,144.84561000000005
ID256578328,15A Lothian St,3,t,1300000.0,11/02/2017,2.0,2.0,67.0,14.0,-37.804,144.9441
ID689145799,14 Collins St,3,h,990000.0,22/08/2016,1.0,2.0,602.0,44.0,-37.7674,145.0988
ID234905789,55 Warburton Rd,3,h,1385000.0,18/06/2016,1.0,1.0,444.0,109.0,-37.826,145.0734
ID303218734,1/7 Westwood Dr,3,u,812500.0,19/11/2016,1.0,1.0,421.0,34.0,-37.7798,145.1023
ID658425577,4/57 Chapel St,1,u,480000.0,27/05/2017,1.0,1.0,0.0,89.0,-37.86305,144.9911
ID683516218,101 The Fairway,4,h,610000.0,12/11/2016,1.0,1.0,465.0,49.0,-37.7126,145.03
ID534109968,1906/229 Toorak Rd,1,u,402000.0,3/12/2016,1.0,1.0,0.0,6.0,-37.8392,144.9947
ID967068868,2013 Western Hwy,2,h,340000.0,1/07/2017,1.0,0.0,609.0,34.0,-37.73289000000001,144.66615
ID257453976,51 Tooronga Rd,3,h,1780000.0,3/06/2017,2.0,2.0,580.0,89.0,-37.8683,145.03909
ID964817233,129 Liberty Pde,3,h,625000.0,28/05/2016,1.0,2.0,609.0,69.0,-37.7504,145.0335
ID146963989,66 Willmott Dr,3,h,390000.0,29/07/2017,1.0,1.0,301.0,18.0,-37.58739,144.92619
ID412727387,6/21 Wynnstay Rd,3,t,1450000.0,19/11/2016,2.0,3.0,1958.0,24.0,-37.8526,145.0106
ID825134314,1/38 Lynch St,1,u,357000.0,6/08/2016,1.0,0.0,0.0,39.0,-37.7964,144.9027
ID918941524,3/113 Tennyson St,2,t,595000.0,3/12/2016,1.0,2.0,752.0,29.0,-37.7553,144.9302
ID622010852,87 Parkmore Rd,4,h,1415000.0,10/09/2016,2.0,2.0,604.0,49.0,-37.9153,145.0707
ID444145414,33 River St,4,h,1215000.0,24/09/2016,3.0,4.0,613.0,69.0,-37.7799,144.8879
ID690861838,13/14 Newry St,2,u,450000.0,13/08/2016,1.0,1.0,1057.0,45.0,-37.8552,145.0005
ID212750691,7A Brunel St,3,t,815000.0,13/05/2017,2.0,2.0,148.0,69.0,-37.8287,144.8705
ID392660590,5a Rosamond St,3,h,1475000.0,24/06/2017,2.0,1.0,147.0,15.0,-37.86997,144.9908
ID901578936,46/15 Beach Rd,3,u,1210000.0,1/07/2017,2.0,2.0,9838.0,9.0,-37.93464,144.99601
ID323047643,1/1 Cherryhinton St,2,u,790000.0,4/03/2017,1.0,1.0,195.0,54.0,-37.826,145.129
ID721436373,2 The Parade,2,h,965000.0,10/12/2016,1.0,1.0,170.0,129.0,-37.7732,144.9206
ID485560212,201/218 Lygon St,2,u,435000.0,8/10/2016,1.0,1.0,197.0,7.0,-37.7717,144.9719
ID790594143,7 Vive St,3,h,446000.0,22/07/2017,2.0,2.0,326.0,7.0,-37.85037,144.66179
ID197127268,66 Elinda Pl,2,h,380000.0,8/10/2016,1.0,1.0,159.0,29.0,-37.6998,145.0248
ID886651327,5/6 Yarralea St,3,h,1110000.0,3/09/2016,2.0,2.0,208.0,6.0,-37.7854,145.0325
ID830438640,29 Speight St,2,h,1000000.0,24/06/2017,1.0,2.0,443.0,59.0,-37.762190000000004,145.00968
ID939076786,96 Hamilton St,2,h,820000.0,20/05/2017,1.0,0.0,211.0,59.0,-37.812,144.8865
ID774239253,2/21 Pavo St,3,u,700000.0,13/05/2017,1.0,1.0,350.0,69.0,-37.7862,145.0739
ID703234174,14 Wardrop Gr,3,h,1605000.0,1/07/2017,1.0,0.0,507.0,8.0,-37.77124,145.002
ID958451242,5 Williamstown Rd,2,h,822500.0,17/09/2016,2.0,1.0,228.0,89.0,-37.8034,144.8855
ID286740780,8/86 Queens Pde,3,t,775000.0,28/05/2016,2.0,2.0,0.0,121.0,-37.7918,144.9824
ID704397638,14 Murdock St,3,h,976000.0,14/05/2016,2.0,1.0,240.0,14.0,-37.756,144.9587
ID658229992,35 Eglinton St,4,h,1395000.0,10/12/2016,1.0,2.0,603.0,109.0,-37.7692,144.917
ID849045315,9a Ivan Av,2,u,724000.0,22/07/2017,1.0,2.0,224.0,19.0,-38.0371,145.11717
ID998375669,90 Molesworth St,3,h,1635000.0,3/09/2016,1.0,0.0,517.0,139.0,-37.7967,144.9472
ID817538054,1/3 Saniky St,3,u,840000.0,17/06/2017,1.0,1.0,390.0,49.0,-37.90354,145.14394
ID907420410,31 Buchan St,4,h,560000.0,3/09/2017,3.0,2.0,572.0,11.0,-37.65465,144.92182
ID473283353,2/64 Normanby Rd,2,u,820000.0,13/05/2017,1.0,1.0,826.0,59.0,-37.805,145.0546
ID502901965,19 Norfolk St,4,h,1100000.0,27/05/2017,2.0,2.0,726.0,58.0,-37.89814000000001,145.14457
ID565588165,5 Ryder Ct,5,h,1330000.0,16/09/2017,3.0,3.0,751.0,39.0,-37.764309999999995,145.17778
ID448880883,6 Elswill St,5,h,1351000.0,20/05/2017,2.0,2.0,652.0,19.0,-37.9311,145.0651
ID903939011,1 Chisholm St,3,u,726000.0,24/09/2016,1.0,1.0,229.0,23.0,-37.7606,144.8973
ID337074870,103 High St,4,h,1430000.0,8/07/2017,2.0,2.0,736.0,51.0,-37.781009999999995,145.1111
ID670361936,2/7 Gordon St,2,u,460000.0,27/05/2017,1.0,1.0,54.0,49.0,-37.759479999999996,144.94758000000004
ID230220743,8 Charles Ct,3,h,326000.0,22/07/2017,1.0,1.0,611.0,34.0,-37.69467,144.57827
ID261441964,2/26 Renown St,2,u,532500.0,18/03/2017,1.0,1.0,168.0,49.0,-37.73,144.9629
ID863607386,6 Adori Pl,3,h,983000.0,3/09/2017,2.0,2.0,359.0,11.0,-37.78606,144.88459
ID984466401,41 Kernot St,3,h,835000.0,27/05/2017,1.0,1.0,297.0,109.0,-37.829840000000004,144.873
ID713202949,6 Aria Ct,4,h,555000.0,3/09/2017,2.0,2.0,387.0,44.0,-37.595890000000004,145.11364
ID233810644,23 Morotai Pde,2,h,520000.0,22/05/2016,1.0,2.0,594.0,29.0,-37.7471,145.0427
ID519544511,182 Morris Rd,3,h,516000.0,12/08/2017,1.0,1.0,537.0,17.0,-37.86833,144.7035
ID456659052,6 Yileen Ct,5,h,2620000.0,27/05/2017,4.0,3.0,4077.0,12.0,-37.78182,145.1903
ID977849049,28 Atkin St,4,h,550000.0,8/07/2017,2.0,2.0,1241.0,49.0,-37.686859999999996,144.58157
ID512125412,5 Croker St,3,h,716000.0,16/04/2016,1.0,2.0,268.0,129.0,-37.8472,144.8754
ID848629995,14/31 Burnett St,2,u,475000.0,13/08/2016,1.0,1.0,0.0,49.0,-37.8604,144.9817
ID708671397,242 Waterloo Rd,3,h,725000.0,16/09/2017,1.0,1.0,327.0,59.0,-37.7151,144.92103
ID356205473,5/555 Orrong Rd,1,u,567000.0,28/08/2016,1.0,1.0,0.0,6.0,-37.8549,145.0113
ID779470606,51 Rankins Rd,2,h,765000.0,10/12/2016,1.0,2.0,158.0,54.0,-37.7902,144.9319
ID955940860,31a Douglas St,3,u,1045000.0,4/03/2017,2.0,2.0,467.0,69.0,-37.8639,145.0968
ID655505576,503 Tooronga Rd,3,h,1700000.0,10/09/2016,2.0,1.0,646.0,39.0,-37.8337,145.0469
ID130464151,1/312 Hope St,1,u,351000.0,27/11/2016,1.0,1.0,0.0,69.0,-37.7614,144.9393
ID331126190,73 Martin St,4,h,3320000.0,10/12/2016,3.0,2.0,644.0,19.0,-37.8964,144.9972
ID322869933,52 Park Rd,5,h,2000000.0,24/06/2017,3.0,2.0,735.0,74.0,-37.83583,145.10664
ID303096128,11 Perceval St,3,h,498500.0,9/09/2017,2.0,2.0,688.0,119.0,-37.57367,144.71842
ID845925676,129 Albion St,4,h,1115000.0,8/10/2016,1.0,0.0,264.0,119.0,-37.7611,144.9677
ID848629995,14/31 Burnett St,2,u,475000.0,13/08/2016,1.0,1.0,0.0,49.0,-37.8604,144.9817
ID217962337,35 Kings Rd,2,h,655000.0,29/07/2017,1.0,0.0,1000.0,39.0,-37.930640000000004,145.4453
ID624678163,1 Centurion Ct,3,h,600000.0,15/07/2017,1.0,2.0,524.0,49.0,-37.64273,145.03751
ID246784754,33 Power St,4,h,1700000.0,30/07/2016,1.0,1.0,672.0,84.0,-37.8099,145.0792
ID414994149,13 Gordon St,3,h,1398000.0,8/07/2017,2.0,1.0,445.0,59.0,-37.756209999999996,144.93401
ID392850543,1004/58 Jeffcott St,3,u,650000.0,3/12/2016,2.0,1.0,0.0,79.0,-37.8117,144.9518
ID496319108,42/2 Horizon Dr,2,u,488000.0,16/04/2016,2.0,2.0,0.0,9.0,-37.7752,144.8925
ID483500160,16 Katrina St,3,h,1020000.0,27/06/2016,1.0,2.0,725.0,9.0,-37.7945,145.1172
ID901900345,67 Winfield Rd,4,h,1850000.0,22/07/2017,4.0,3.0,929.0,59.0,-37.79497,145.10538
ID224302140,44 Shaw St,3,h,1305000.0,26/08/2017,1.0,3.0,650.0,69.0,-37.74009,144.88736
ID941061564,5 Charles St,4,h,2010000.0,10/12/2016,2.0,2.0,659.0,89.0,-37.8509,145.0916
ID496598597,527 Kings Rd,3,h,790500.0,3/06/2017,2.0,2.0,808.0,14.0,-37.6943,144.78187
ID471695880,53 Milne St,3,h,1350000.0,3/06/2017,2.0,2.0,809.0,44.0,-37.75289,145.12826
ID264464396,9 Gresford St,3,h,630000.0,10/12/2016,1.0,4.0,625.0,29.0,-37.7695,144.8347
ID542515120,87 Orrong Rd,3,h,1750000.0,19/11/2016,2.0,2.0,517.0,119.0,-37.8813,145.0063
ID327453428,27 Pender St,3,h,980000.0,22/07/2017,1.0,3.0,397.0,94.0,-37.73724,145.00984
ID621812865,45 Parry Rd,4,h,895000.0,27/05/2017,3.0,2.0,792.0,24.0,-37.689659999999996,145.14649
ID581629052,4/71 Challis St,2,u,670000.0,27/11/2016,1.0,1.0,190.0,13.0,-37.8433,144.8725
ID639910957,3/18 William St,3,u,835000.0,22/08/2016,2.0,1.0,0.0,109.0,-37.909,145.0005
ID544079495,4 Mercer Rd,3,h,3512500.0,27/11/2016,2.0,2.0,617.0,21.0,-37.8557,145.0264
ID370226508,2/60 Darebin St,4,u,915000.0,24/06/2017,2.0,2.0,419.0,109.0,-37.7537,145.06341
ID416416865,129 Glenroy Rd,3,h,830000.0,3/09/2017,1.0,2.0,655.0,59.0,-37.70608,144.92541
ID175338385,181 Rae St,2,h,937500.0,23/04/2016,1.0,0.0,100.0,129.0,-37.788000000000004,144.9791
ID745460720,310 Hampton St,4,h,2600000.0,12/06/2016,1.0,2.0,1504.0,119.0,-37.944,145.0015
ID393845098,39A George St,3,t,970000.0,29/07/2017,2.0,2.0,283.0,54.0,-37.78177,145.15818000000004
ID670910676,2/7 Cabarita St,2,t,385000.0,1/07/2017,1.0,1.0,206.0,3.0,-37.84219,144.71155
ID666661761,167 Thomas St,3,h,1300000.0,24/06/2017,1.0,2.0,684.0,79.0,-37.90514,145.02524
ID359307321,3/180 Sycamore St,2,u,636500.0,8/07/2017,1.0,1.0,0.0,49.0,-37.89063,145.02608999999995
ID957523631,5/3 Lennox St,2,u,420000.0,10/09/2016,1.0,1.0,0.0,69.0,-37.7701,144.9079
ID255422514,3/3 Irving St,2,u,700000.0,27/11/2016,1.0,2.0,0.0,21.0,-37.8597,145.0318
ID947329960,3/19 Chandos St,2,u,515000.0,27/06/2016,1.0,2.0,0.0,49.0,-37.7474,144.9608
ID821068877,1 Robert St,4,h,1230000.0,9/09/2017,2.0,2.0,787.0,59.0,-37.98616,145.08139
ID764532452,1a Fordham Rd,2,u,468000.0,8/10/2016,2.0,2.0,234.0,29.0,-37.7172,145.016
ID530565186,4/15 Rix St,2,u,720000.0,25/02/2017,1.0,2.0,0.0,79.0,-37.8468,145.0515
ID969301888,8 High St,3,h,607500.0,18/06/2016,1.0,2.0,487.0,69.0,-37.7883,144.8439
ID224325002,55 Park Dr,3,h,2790000.0,20/05/2017,2.0,1.0,180.0,129.0,-37.7961,144.9538
ID327435045,5 Boyd St,3,h,1403000.0,3/12/2016,1.0,4.0,727.0,49.0,-37.7942,145.1218
ID976204584,4/135 Grange Rd,1,u,600000.0,23/09/2017,1.0,1.0,100.0,59.0,-37.89154,145.04483000000005
ID246446716,46 Davey St,3,h,940000.0,17/06/2017,2.0,2.0,454.0,69.0,-37.99443,145.0885
ID173093967,5 Hanlon Cl,4,h,1150000.0,17/06/2017,2.0,2.0,603.0,15.0,-38.00549,145.10371999999995
ID967666183,4/1 Allard St,2,u,473000.0,4/06/2016,1.0,2.0,568.0,49.0,-37.7682,144.9422
ID254551097,46 Sadie St,4,h,655000.0,24/09/2016,1.0,2.0,695.0,44.0,-37.6985,144.9441
ID489659853,16 Coronation St,3,h,1270000.0,20/05/2017,1.0,1.0,526.0,119.0,-37.7735,144.9445
ID655395844,273 Glenlyon Rd,2,h,1222500.0,19/11/2016,1.0,2.0,487.0,79.0,-37.7737,144.9822
ID866919108,2/19 Camden St,2,u,474000.0,22/05/2016,1.0,1.0,0.0,49.0,-37.8667,144.9917
ID206632376,4/20 William St,2,u,435000.0,19/11/2016,1.0,1.0,0.0,49.0,-37.7461,144.9079
ID926364582,19 Hall St,3,h,900000.0,15/07/2017,1.0,0.0,227.0,99.0,-37.752959999999995,144.95967
ID880943826,85 Roseneath St,2,h,1105000.0,8/10/2016,1.0,1.0,185.0,109.0,-37.7927,144.9981
ID373205133,13 Cyril St,5,h,2275000.0,20/05/2017,2.0,1.0,399.0,109.0,-37.8777,144.9915
ID791823336,7 Stewart St,4,h,1340000.0,18/03/2017,2.0,0.0,297.0,119.0,-37.8108,144.888
ID226239618,50 Well St,3,h,1975000.0,3/12/2016,1.0,2.0,432.0,89.0,-37.9172,144.996
ID322043948,118 Athol St,2,h,1090000.0,3/06/2017,1.0,0.0,233.0,69.0,-37.76919,144.91186000000005
ID329678193,42 McCracken St,4,h,1365000.0,22/08/2016,2.0,1.0,242.0,16.0,-37.7913,144.9275
ID563517141,23 Moore St,2,h,800000.0,27/06/2016,1.0,2.0,260.0,79.0,-37.7969,144.9042
ID925796247,6212/172 Edward St,2,u,590000.0,17/09/2016,2.0,1.0,0.0,5.0,-37.7753,144.9725
ID611052089,5 Livingston St,3,h,570000.0,27/05/2017,1.0,3.0,531.0,69.0,-37.7572,144.76093
ID198037947,34 Matthews St,3,h,950000.0,15/10/2016,1.0,4.0,704.0,61.0,-37.7933,144.8409
ID274536670,35 Hunter St,3,h,1287000.0,18/03/2017,1.0,1.0,620.0,14.0,-37.9031,145.0578
ID983826793,84 Canterbury St,2,h,953000.0,8/04/2017,1.0,0.0,274.0,89.0,-37.7813,144.9238
ID930236753,3/61 Mount Pleasant Rd,2,u,725000.0,29/07/2017,1.0,2.0,848.0,99.0,-37.82577,145.17896000000005
ID814171403,8 Maroondah Rd,4,h,1415000.0,13/08/2016,3.0,2.0,724.0,49.0,-37.8651,145.1107
ID731127445,1/4 Pepino Ct,3,h,467000.0,3/06/2017,2.0,1.0,268.0,11.0,-37.89347,144.66679
ID834594665,73 Truganini Rd,4,h,1655000.0,25/02/2017,2.0,2.0,595.0,104.0,-37.8916,145.0543
ID693427952,10 Leslie St,4,h,631000.0,8/07/2017,1.0,3.0,559.0,49.0,-37.735929999999996,144.8101
ID683830098,69 Power St,4,h,2610000.0,10/09/2016,2.0,7.0,0.0,20.0,-37.8187,145.0272
ID431367447,2 Wattleglade Ct,5,h,1660000.0,23/09/2017,2.0,2.0,790.0,29.0,-37.900009999999995,145.18688
ID178089112,2/3 New St,2,h,420000.0,26/07/2016,1.0,1.0,78.0,39.0,-37.8262,144.8677
ID638769199,3/8 Eldon Ct,2,t,771000.0,8/07/2017,1.0,1.0,0.0,27.0,-37.94083,145.03682
ID197100397,371 Station St,3,h,1031000.0,17/06/2017,1.0,2.0,612.0,69.0,-37.76063,145.02139
ID362641583,1725 Dandenong Rd,5,h,1525000.0,1/07/2017,3.0,6.0,774.0,4.0,-37.90119,145.1068
ID506772316,7/517 Royal Pde,3,t,850000.0,17/06/2017,1.0,1.0,2429.0,49.0,-37.78033,144.95949
ID710384792,15 Hardwick St,5,h,1020000.0,25/02/2017,2.0,4.0,381.0,34.0,-37.7492,144.969
ID699711233,7/11 Harts Pde,2,u,555000.0,10/09/2016,1.0,1.0,0.0,49.0,-37.8318,145.0448
ID999281214,3 Dunlop St,3,h,1555000.0,4/06/2016,2.0,2.0,731.0,84.0,-37.8666,145.0676
ID734531456,30 Flett St,2,t,635000.0,14/05/2016,1.0,1.0,79.0,69.0,-37.7484,145.0048
ID405379439,4 Carlita Cl,4,h,732000.0,3/06/2017,2.0,1.0,808.0,39.0,-37.67348,145.06982
ID199229087,40 Powell St,3,h,832000.0,27/11/2016,1.0,2.0,496.0,84.0,-37.7263,145.0003
ID546140051,1/6 Anthony St,2,u,360000.0,29/07/2017,1.0,1.0,143.0,20.0,-37.57063,144.70693
ID234892715,12 Surrey Ct,3,h,716000.0,12/08/2017,2.0,6.0,1005.0,24.0,-37.605740000000004,144.92548
ID460137007,16 Burton St,4,h,2050000.0,27/05/2017,3.0,2.0,526.0,13.0,-37.80365,145.09048
ID565740387,33 Barnett St,3,h,1260000.0,19/11/2016,2.0,2.0,250.0,119.0,-37.792,144.9324
ID919720919,8 Echuca St,3,h,477000.0,3/09/2017,1.0,1.0,627.0,59.0,-37.667809999999996,144.93809
ID119670970,21 Hamilton St,3,h,975000.0,13/08/2016,1.0,1.0,822.0,69.0,-37.7379,144.8854
ID430042586,7 French Ct,3,h,740000.0,10/09/2016,1.0,1.0,591.0,59.0,-37.7135,145.0783
ID618520445,2/10 Nolan St,3,u,746000.0,27/11/2016,1.0,1.0,256.0,69.0,-37.741,144.8901
ID388632097,2D Paxton St,4,t,2560000.0,25/02/2017,3.0,2.0,427.0,7.0,-37.8704,145.0503
ID822122149,9 Pearce St,3,h,955000.0,16/04/2016,1.0,1.0,202.0,139.0,-37.8196,144.8839
ID526772181,10 Malcolm Rd,4,h,820000.0,17/06/2017,2.0,2.0,841.0,3.0,-37.76917,145.29265
ID149728416,10 The Loop,4,h,880000.0,22/04/2017,3.0,2.0,530.0,59.0,-37.7058,144.9431
ID803768164,53 Fyfe Dr,5,h,1410000.0,12/08/2017,2.0,2.0,648.0,44.0,-37.77033,145.1214
ID183111443,5/361 Royal Pde,1,u,401000.0,19/11/2016,1.0,1.0,0.0,129.0,-37.7852,144.9589
ID162101308,2 Patterson St,3,h,1850000.0,3/06/2017,2.0,1.0,321.0,104.0,-37.85411,144.96409
ID420528393,2/11 Howe St,2,u,740000.0,6/08/2016,1.0,1.0,161.0,39.0,-37.8955,145.07299999999995
ID856523998,3/124 Highbury Rd,3,t,702000.0,28/08/2016,2.0,1.0,170.0,18.0,-37.8554,145.1089
ID822205515,23 Fenton Cr,4,h,980000.0,26/08/2017,2.0,2.0,937.0,59.0,-38.15845,145.11141
ID982805201,121 The Righi,5,h,2710000.0,29/04/2017,3.0,2.0,1001.0,89.0,-37.7605,145.0593
ID183344346,155 Chambers Rd,4,h,760000.0,27/06/2016,1.0,3.0,668.0,59.0,-37.8262,144.8439
ID706356986,10 Jarvie St,2,h,1024000.0,17/09/2016,1.0,1.0,148.0,5.0,-37.7721,144.9724
ID942541724,12/26 Lillimur Rd,2,u,440000.0,12/08/2017,1.0,1.0,1100.0,39.0,-37.90188,145.04172
ID752489294,3/926 Toorak Rd,2,u,717000.0,4/06/2016,1.0,1.0,136.0,59.0,-37.8469,145.0589
ID411934846,32 Page Av,4,h,1631000.0,9/09/2017,3.0,2.0,362.0,59.0,-37.83467,144.92775
ID782609947,28 Guildford Rd,3,h,2009000.0,3/09/2016,1.0,2.0,843.0,19.0,-37.821999999999996,145.0897
ID576847701,3 Ballarat St,1,t,625000.0,18/06/2016,1.0,1.0,82.0,89.0,-37.7661,144.9614
ID915407713,2/53 Norman St,2,u,845000.0,22/08/2016,2.0,2.0,147.0,39.0,-37.7679,145.0467
ID700007816,282 Cumberland Rd,3,h,750000.0,18/03/2017,2.0,2.0,540.0,20.0,-37.7174,144.941
ID902749842,15 Warburton Ct,3,h,592000.0,8/07/2017,1.0,1.0,622.0,27.0,-37.66294,145.06301000000005
ID789494205,54b Salisbury St,3,t,842500.0,18/06/2016,2.0,1.0,216.0,24.0,-37.7607,144.9314
ID766652428,9 Lyric St,4,h,1117000.0,25/02/2017,3.0,2.0,325.0,14.0,-37.7822,144.8922
ID256095850,10 Haynes St,4,h,1535000.0,22/07/2017,2.0,2.0,719.0,21.0,-37.94999,145.03122
ID554211093,192 Tooronga Rd,4,h,2077000.0,7/11/2016,2.0,3.0,553.0,109.0,-37.8589,145.0413
ID925252506,2/63 Carlisle St,2,u,465000.0,4/06/2016,1.0,1.0,0.0,59.0,-37.8676,144.9834
ID519478552,47 Carrington Rd,3,u,970000.0,12/11/2016,2.0,1.0,320.0,69.0,-37.7377,144.888
ID970164359,16/109 Hotham St,2,u,600000.0,3/09/2017,1.0,1.0,2283.0,39.0,-37.870779999999996,144.99898000000005
ID554150833,19 Balcombe St,3,h,555000.0,4/06/2016,1.0,1.0,565.0,79.0,-37.7781,144.8451
ID421617218,7 Celia St,3,h,986000.0,8/04/2017,1.0,3.0,337.0,69.0,-37.9331,145.0586
ID893670760,203b Elizabeth St,2,t,570000.0,23/04/2016,2.0,2.0,186.0,5.0,-37.7263,144.9843
ID657955492,4 Adina Pl,3,h,607500.0,23/09/2017,2.0,2.0,528.0,19.0,-37.71046,144.77043
ID571310633,8/67 Denham St,1,u,415000.0,24/09/2016,1.0,1.0,0.0,129.0,-37.8192,145.0221
ID612804775,10 Tuppen St,5,h,1287000.0,27/11/2016,2.0,2.0,488.0,89.0,-37.8131,144.8778
ID731466151,20 Northcliffe Rd,3,h,1100000.0,26/08/2017,2.0,4.0,737.0,79.0,-38.04214,145.11372
ID233659331,5 MacRobertson St,4,h,1118000.0,27/06/2016,2.0,2.0,705.0,49.0,-37.7595,145.1176
ID999151634,133 Lennon Bvd,4,h,715000.0,12/08/2017,2.0,2.0,630.0,13.0,-37.898070000000004,144.73925
ID921903662,3 Plant St,4,h,3460000.0,4/06/2016,2.0,2.0,502.0,3.0,-37.8515,145.0324
ID851818332,3/30 Cremorne St,2,u,812000.0,4/03/2017,1.0,1.0,206.0,13.0,-37.8092,145.0778
ID263096178,143 Pickles St,3,h,1916000.0,8/10/2016,2.0,1.0,190.0,119.0,-37.8393,144.947
ID237907264,6 Dalgety St,3,h,1250000.0,3/09/2016,1.0,2.0,644.0,39.0,-37.7419,145.0049
ID786398551,3 Ford Av,4,h,1150000.0,3/09/2017,2.0,2.0,1060.0,79.0,-37.9073,145.0962
ID853540696,5 Ann Pl,4,h,590000.0,29/07/2017,2.0,2.0,531.0,94.0,-37.87896,144.75473
ID395326581,2/71 Roslyn St,4,t,1630000.0,25/02/2017,2.0,2.0,432.0,19.0,-37.9228,145.0022
ID975248047,30 Petrie St,3,h,938000.0,3/09/2017,1.0,1.0,972.0,69.0,-38.139540000000004,145.13086
ID813261775,28 Greendale Rd,3,h,1255000.0,24/06/2017,2.0,2.0,348.0,44.0,-37.79759,145.16422
ID454021962,26 Horsfall St,4,h,1650000.0,27/11/2016,2.0,2.0,673.0,14.0,-37.7647,145.1186
ID247080351,5A Hardwick St,2,t,876000.0,8/07/2017,2.0,1.0,134.0,5.0,-37.749140000000004,144.96826000000001
ID602439670,2/472 Glenferrie Rd,1,u,382000.0,28/05/2016,1.0,1.0,0.0,129.0,-37.8339,145.0335
ID672511645,278 Nicholson St,2,h,701000.0,30/07/2016,1.0,0.0,164.0,109.0,-37.8078,144.8979
ID381266176,33 Rainsford Tce,3,h,445000.0,20/05/2017,1.0,2.0,534.0,6.0,-37.6741,144.9698
ID217018611,23 Lennox St,3,h,1430000.0,25/02/2017,3.0,2.0,386.0,79.0,-37.816,144.8936
ID975059629,30 Strang St,4,h,555000.0,3/09/2017,1.0,2.0,570.0,34.0,-37.87552,144.69648
ID180855874,707 Waverley Rd,5,h,1116500.0,15/07/2017,2.0,2.0,701.0,59.0,-37.88902,145.16678000000005
ID498844724,250 Arthur St,3,h,1145000.0,28/08/2016,1.0,3.0,590.0,17.0,-37.7673,145.02100000000004
ID936682029,90 Truganini Rd,4,h,1550000.0,12/11/2016,2.0,2.0,757.0,89.0,-37.8925,145.0541
ID472166554,6 McCully St,3,h,970000.0,30/07/2016,1.0,1.0,194.0,7.0,-37.7756,144.921
ID618450373,603/228 The Avenue,2,u,900000.0,17/06/2017,2.0,1.0,2431.0,49.0,-37.78212,144.95755
ID560514014,9/305 Dandenong Rd,2,u,1020000.0,24/06/2017,1.0,1.0,0.0,99.0,-37.85931,145.00616000000005
ID350290891,7 Colvin Gr,3,h,1700000.0,6/05/2017,1.0,2.0,338.0,109.0,-37.8139,145.0243
ID602974148,105 Ivanhoe Pde,4,h,1758000.0,25/02/2017,2.0,2.0,650.0,39.0,-37.7607,145.0456
ID683296763,135 MacEdon Rd,4,h,1100000.0,19/11/2016,2.0,4.0,654.0,49.0,-37.7639,145.1145
ID400470295,11 Aminga Ct,3,h,840500.0,23/09/2017,1.0,2.0,850.0,9.0,-37.78297,145.28773999999999
ID399680375,31 Carrington Rd,2,h,1190000.0,19/11/2016,1.0,2.0,650.0,11.0,-37.7378,144.8893
ID817348366,2/9 Grace St,3,t,800000.0,17/06/2017,2.0,1.0,161.0,7.0,-37.735659999999996,144.89368000000005
ID464861260,80 Gowrie St,3,h,780000.0,17/06/2017,1.0,2.0,697.0,59.0,-37.69795,144.94285
ID117378431,2/125 Locksley Rd,2,u,430000.0,3/12/2016,1.0,1.0,0.0,49.0,-37.7662,145.0516
ID792875668,42 Kathleen St,3,h,810000.0,27/06/2016,1.0,1.0,520.0,79.0,-37.7362,145.0232
ID888420151,1 Victory St,3,h,1725000.0,9/09/2017,1.0,2.0,493.0,104.0,-37.949009999999994,145.01167
ID715054402,201/77 Abinger St,1,u,400000.0,23/09/2017,1.0,1.0,4425.0,7.0,-37.82009,145.0038
ID277983200,10/81 Koornang Rd,2,u,662000.0,17/09/2016,2.0,1.0,0.0,49.0,-37.8873,145.0572
ID513688403,3/8 Alicia St,2,u,500000.0,27/06/2016,1.0,1.0,0.0,49.0,-37.9436,145.0027
ID122586796,1 Avenue Victoria,3,h,2040000.0,27/06/2016,1.0,2.0,783.0,69.0,-37.8234,145.0526
ID548039267,147 Gillies St,3,h,1375000.0,28/08/2016,1.0,1.0,496.0,109.0,-37.7737,145.018
ID631173774,8 Scotia St,3,h,1210000.0,3/06/2017,2.0,2.0,515.0,99.0,-37.74794,144.99111000000005
ID627131624,18 Watson St,4,h,2340000.0,13/05/2017,2.0,2.0,586.0,79.0,-37.8541,145.0738
ID285140413,50 Ross St,4,h,1145000.0,17/06/2017,1.0,2.0,603.0,59.0,-37.90822,145.11146000000005
ID279931313,89 Clarence St,2,h,1340000.0,24/09/2016,1.0,1.0,505.0,79.0,-37.8928,145.0149
ID482638806,19 Gordon St,4,h,895000.0,8/07/2017,2.0,2.0,700.0,20.0,-37.70598,144.87616
ID797216250,33 Wellington St,3,h,860000.0,4/06/2016,1.0,1.0,283.0,104.0,-37.7416,144.9582
ID193892393,222 Rae St,3,h,1852000.0,1/07/2017,2.0,1.0,138.0,119.0,-37.78714,144.97966
ID570635884,17 Barnard Ct,3,h,735000.0,4/03/2017,1.0,2.0,539.0,69.0,-37.7877,144.8398
ID366884360,16 Scott St,2,h,1630000.0,23/09/2017,1.0,0.0,284.0,99.0,-37.812020000000004,145.04217
ID254805025,1 James St,3,h,650000.0,19/11/2016,1.0,1.0,725.0,49.0,-37.7115,144.9731
ID587079982,268 Faraday St,1,u,435000.0,13/08/2016,1.0,1.0,0.0,19.0,-37.7982,144.9651
ID926807059,111 Boldrewood Pde,3,h,840000.0,1/07/2017,1.0,4.0,614.0,59.0,-37.71562,145.02175
ID399338417,49 Garfield St,2,t,950000.0,6/05/2017,1.0,1.0,113.0,7.0,-37.8119,144.9947
ID707798878,74 Oxford St,4,h,1650000.0,22/04/2017,1.0,4.0,837.0,89.0,-37.836999999999996,144.8772
ID551039090,14 Glenwood Dr,4,h,887500.0,29/07/2017,2.0,2.0,737.0,44.0,-37.684329999999996,145.11018
ID386717233,255 Ross St,4,h,1820000.0,7/11/2016,2.0,1.0,212.0,119.0,-37.8331,144.9412
ID250174952,2/10 Skewes St,3,u,495000.0,4/06/2016,2.0,1.0,327.0,13.0,-37.7851,144.8517
ID563443645,304/253 Bridge Rd,2,u,630000.0,29/04/2017,2.0,1.0,3512.0,8.0,-37.8183,144.9979
ID540806632,16 Smith St,3,h,772000.0,15/10/2016,1.0,1.0,367.0,69.0,-37.728,144.963
ID533105635,7 Adelaide Bvd,4,h,990000.0,13/05/2017,2.0,2.0,702.0,16.0,-37.7071,144.8989
ID146434973,12 Longfield St,3,h,1540000.0,25/02/2017,1.0,1.0,0.0,119.0,-37.8214,145.0119
ID556271852,9/5 Boston Rd,3,h,1140000.0,4/06/2016,2.0,2.0,175.0,43.0,-37.8162,145.0771
ID249556998,116 Cornwall Rd,3,h,620000.0,7/11/2016,1.0,1.0,376.0,10.0,-37.7831,144.842
ID887332437,2/25 Harold St,2,u,425500.0,15/07/2017,1.0,1.0,1727.0,59.0,-37.77341,144.9013
ID973444017,24 Martin St,4,h,1350500.0,4/03/2017,1.0,0.0,726.0,79.0,-37.7864,144.8353
ID244282683,32 Hooker Rd,3,h,515000.0,23/09/2017,2.0,1.0,517.0,34.0,-37.89423,144.64131
ID496319108,42/2 Horizon Dr,2,u,488000.0,16/04/2016,2.0,2.0,0.0,9.0,-37.7752,144.8925
ID183564230,63 Beach Rd,2,h,1690000.0,15/10/2016,1.0,1.0,319.0,49.0,-37.9409,145.0001
ID764688391,11 Highview Rd,5,h,1500000.0,23/04/2016,2.0,2.0,605.0,59.0,-37.7832,145.0796
ID378830650,403/20 Reeves St,2,u,500000.0,14/05/2016,2.0,1.0,0.0,9.0,-37.7929,144.9705
ID361939292,89 Tristania Dr,4,h,550000.0,17/06/2017,2.0,2.0,464.0,69.0,-37.90545,144.76077
ID749487985,1/2 Flowerdale Rd,3,u,957000.0,24/06/2017,2.0,2.0,254.0,25.0,-37.94313,145.03501
ID156717916,11 Amore Dr,3,h,555000.0,23/09/2017,2.0,1.0,156.0,39.0,-37.794979999999995,144.79545
ID949608787,301/163 Cremorne St,1,u,425000.0,6/08/2016,1.0,1.0,0.0,12.0,-37.8301,144.9904
ID930420074,44 Manning Rd,5,h,2500000.0,14/05/2016,3.0,2.0,488.0,89.0,-37.8733,145.0507
ID293453871,3/85 Tennyson St,2,u,550000.0,3/09/2016,1.0,1.0,0.0,39.0,-37.7575,144.9298
ID377050011,1B Simpson Pl,3,h,1670000.0,9/09/2017,3.0,2.0,107.0,49.0,-37.81753,145.01988
ID268311791,29 Traill St,5,h,1700000.0,27/06/2016,3.0,1.0,450.0,89.0,-37.7701,144.9886
ID694656014,33 Lindsay St,4,h,1540000.0,6/05/2017,2.0,2.0,780.0,49.0,-37.7766,145.1
ID962219884,5 Ventich St,5,h,2215000.0,12/08/2017,2.0,2.0,847.0,3.0,-37.85611,145.08776
ID335571497,1A Merritt Ct,3,t,705000.0,11/02/2017,2.0,2.0,197.0,39.0,-37.8579,144.8181
ID920268751,4/97 Cowper St,1,u,275000.0,16/07/2016,1.0,1.0,0.0,49.0,-37.8053,144.9029
ID562518777,3/30 Grosvenor St,4,h,2550000.0,29/04/2017,3.0,2.0,263.0,14.0,-37.9099,144.9899
ID490952759,11 Houston Ct,3,h,892000.0,28/08/2016,1.0,2.0,715.0,5.0,-37.8239,144.8431
ID940416564,12 Silvana Ct,4,h,1241000.0,17/06/2017,2.0,2.0,886.0,39.0,-37.755720000000004,145.17625
ID873950714,55 Margate Av,4,h,680000.0,29/07/2017,2.0,3.0,767.0,39.0,-38.16147,145.14285
ID746584518,40/122 High St,3,u,550000.0,27/05/2017,2.0,1.0,0.0,7.0,-37.74762,145.00261
ID194499893,2 Octavia Ct,4,h,1485000.0,27/11/2016,2.0,2.0,662.0,49.0,-37.8601,145.1007
ID400485250,45 Northcote Rd,3,h,1450000.0,16/09/2017,1.0,1.0,245.0,99.0,-37.85335,145.01698000000005
ID587581635,174 Beaconsfield Pde,4,h,1310000.0,27/06/2016,2.0,1.0,355.0,7.0,-37.7636,144.9872
ID521390497,20 Austral Av,4,h,1485000.0,29/07/2017,1.0,2.0,509.0,99.0,-37.74684,144.9933
ID954521443,10 Hathaway Cl,4,h,1753000.0,26/08/2017,2.0,2.0,689.0,7.0,-37.766729999999995,145.16555
ID794864811,4/224 Arthur St,2,t,805000.0,24/09/2016,1.0,1.0,140.0,11.0,-37.7697,145.0203
ID543655054,42 West St,3,h,725000.0,24/09/2016,2.0,4.0,560.0,49.0,-37.7136,144.9374
ID488985109,59 Summit Rd,3,h,740000.0,27/05/2017,1.0,1.0,650.0,18.0,-38.15882,145.12913999999995
ID178089112,2/3 New St,2,h,420000.0,26/07/2016,1.0,1.0,78.0,39.0,-37.8262,144.8677
ID529855703,5 Tarnook Ct,4,h,854000.0,15/07/2017,2.0,2.0,676.0,44.0,-37.97936,145.13302
ID693078567,30 Barkly St,3,h,2100000.0,4/06/2016,2.0,2.0,463.0,49.0,-37.9082,144.9968
ID731047492,2b Dundas Pl,3,h,1532000.0,26/07/2016,3.0,1.0,0.0,109.0,-37.8415,144.9585
ID860684001,6/141 Centre Rd,1,u,340000.0,25/02/2017,1.0,1.0,0.0,69.0,-37.9164,145.0228
ID942838621,35/24 Craig St,3,h,650000.0,27/11/2016,2.0,2.0,176.0,39.0,-37.7432,144.8816
ID769083382,20/9 Fabian Ct,2,t,429000.0,18/03/2017,1.0,1.0,83.0,39.0,-37.7732,144.8927
ID919720919,8 Echuca St,3,h,477000.0,3/09/2017,1.0,1.0,627.0,59.0,-37.667809999999996,144.93809
ID571209338,16 chesterfield Ct,4,h,951000.0,26/08/2017,2.0,2.0,704.0,38.0,-37.85639000000001,145.23536000000001
ID505344885,12 Pacific Dr,4,h,840000.0,22/07/2017,2.0,2.0,383.0,59.0,-38.01958,145.12356
ID281518059,14 Rosedale Rd,3,h,2000000.0,18/06/2016,1.0,2.0,821.0,19.0,-37.8581,145.0685
ID731127736,24 Trevannion St,3,h,711500.0,10/12/2016,1.0,3.0,667.0,69.0,-37.7005,144.9185
ID469563831,213/253 Bridge Rd,1,u,370000.0,8/04/2017,1.0,1.0,3512.0,8.0,-37.8183,144.9979
ID865346604,12a View St,3,h,1850000.0,26/07/2016,2.0,2.0,361.0,24.0,-37.8206,145.0785
ID936460928,122B Tambet St,3,t,1200000.0,13/05/2017,2.0,2.0,369.0,13.0,-37.9092,145.0728
ID937784713,16 Park Rd,3,t,1245000.0,6/08/2016,2.0,1.0,128.0,19.0,-37.8526,145.0071
ID393845098,39A George St,3,t,970000.0,29/07/2017,2.0,2.0,283.0,54.0,-37.78177,145.15818000000004
ID468130606,2/4 Pratt St,3,t,642500.0,3/06/2017,2.0,2.0,160.0,9.0,-37.71064000000001,145.01067
ID979262113,229 Rathmines St,2,h,1220000.0,7/05/2016,1.0,2.0,537.0,69.0,-37.7689,145.0177
ID472428765,17 Vicars St,5,h,1951000.0,3/09/2017,3.0,3.0,711.0,59.0,-37.790659999999995,145.09004
ID139288196,1/3 Gleniffer Av,2,u,585000.0,8/07/2017,1.0,1.0,0.0,69.0,-37.931709999999995,145.03041000000005
ID574682179,3 Oshannassy St,3,h,1580000.0,4/06/2016,2.0,2.0,758.0,44.0,-37.7401,144.9013
ID941878195,14 Vernon St,3,h,1290000.0,20/05/2017,1.0,3.0,715.0,49.0,-37.8289,144.8718
ID347777866,2 Chifley Cr,3,h,465000.0,8/07/2017,1.0,1.0,375.0,11.0,-37.9674,145.20552
ID821055094,3/5 Evans St,3,u,880000.0,10/12/2016,2.0,1.0,122.0,19.0,-37.7697,144.9649
ID831203149,17 Lobb St,4,h,1525000.0,3/06/2017,2.0,2.0,604.0,49.0,-37.73975,144.9651
ID310975111,20 Glenmorgan St,2,h,1065000.0,23/09/2017,1.0,1.0,186.0,89.0,-37.76321,144.97836999999996
ID350638973,4/130 Kensington Rd,2,t,750000.0,7/05/2016,1.0,1.0,325.0,17.0,-37.7976,144.9213
ID813296094,7 Hanson Ct,5,h,1300000.0,27/05/2017,3.0,2.0,771.0,109.0,-37.68166,144.77421999999999
ID152319208,94 Davies St,4,h,1385000.0,13/05/2017,2.0,4.0,650.0,69.0,-37.7575,144.9716
ID394358683,33 Schulz St,4,h,1010000.0,13/08/2016,1.0,2.0,658.0,69.0,-37.9343,145.0607
ID585592634,28 Warra St,4,h,2620000.0,18/06/2016,2.0,2.0,516.0,94.0,-37.8398,145.0305
ID866830592,2/37 Wills St,3,t,1330000.0,19/11/2016,2.0,2.0,205.0,24.0,-37.7993,145.0267
ID349048904,24 Victoria Pde,3,h,700000.0,3/06/2017,1.0,2.0,593.0,59.0,-38.15517,145.12705
ID959904019,17 McCallum St,4,h,3695000.0,3/12/2016,3.0,2.0,836.0,59.0,-37.9071,144.9898
ID489673085,16 Renown St,3,h,2068000.0,27/11/2016,1.0,1.0,1101.0,49.0,-37.8529,145.1222
ID813261775,28 Greendale Rd,3,h,1255000.0,24/06/2017,2.0,2.0,348.0,44.0,-37.79759,145.16422
ID802147412,5 Baxter St,3,h,1390000.0,15/10/2016,1.0,2.0,463.0,139.0,-37.8879,145.0134
ID831624644,301/182 Barkly St,2,u,750000.0,26/07/2016,2.0,1.0,0.0,10.0,-37.8686,144.9812
ID799827133,24 Sylvia St,3,h,1291000.0,8/07/2017,2.0,2.0,548.0,49.0,-37.84453,145.14446
ID350704857,6 Stuart Ct,4,h,1825000.0,4/03/2017,2.0,3.0,736.0,61.0,-37.7944,145.1028
ID289236136,7/51 Epsom Rd,2,u,526000.0,22/08/2016,0.0,0.0,0.0,22.0,-37.7919,144.9253
ID371194940,54 Pakington St,2,h,1220000.0,14/05/2016,1.0,1.0,208.0,49.0,-37.8659,144.9887
ID903643757,45 Lord St,2,h,1130000.0,4/03/2017,2.0,3.0,114.0,14.0,-37.8212,145.005
ID985054419,252 Yallambie Rd,3,h,720000.0,24/09/2016,2.0,4.0,535.0,59.0,-37.7225,145.1037
ID567850043,1 Stanlake St,4,h,1300000.0,10/12/2016,2.0,3.0,0.0,69.0,-37.7923,144.8848
ID413305193,11B Mahoneys Rd,3,h,550000.0,15/07/2017,1.0,2.0,1723.0,6.0,-37.69484,145.00853999999995
ID925898325,6 Gregory St,3,h,1100000.0,8/07/2017,1.0,1.0,193.0,23.0,-37.764179999999996,144.95715
ID878660363,1/31 Surrey Dr,3,t,705000.0,16/04/2016,2.0,1.0,440.0,24.0,-37.7517,144.8776
ID616997046,1/21 Kayden St,2,u,601000.0,27/05/2017,1.0,1.0,1078.0,47.0,-37.95745,145.07218999999995
ID237930479,1/5 Leonard St,4,t,1680000.0,12/08/2017,2.0,1.0,254.0,24.0,-37.81007,145.06792
ID203328911,3/58 Cawkwell St,2,u,569000.0,7/05/2016,1.0,2.0,0.0,49.0,-37.854,145.041
ID945642862,18 Tyler St,2,h,710000.0,3/12/2016,1.0,0.0,457.0,69.0,-37.7878,144.8369
ID815410666,14 Venetian Ct,3,h,858000.0,16/09/2017,1.0,2.0,857.0,59.0,-37.802440000000004,145.29711
ID799166468,18/352 Auburn Rd,2,u,580000.0,29/07/2017,1.0,1.0,0.0,44.0,-37.83197,145.04306
ID533110223,21 Sandra St,3,h,480000.0,1/07/2017,1.0,2.0,900.0,39.0,-37.68738,144.57415
ID841833502,11 Asquith St,4,h,750000.0,3/09/2017,1.0,6.0,953.0,119.0,-37.69693,145.0079
ID358984880,57 Charles St,2,h,850000.0,1/07/2017,1.0,1.0,152.0,109.0,-37.80697,144.8928
ID261378362,3/8 Herbert St,2,t,485000.0,23/04/2016,1.0,1.0,184.0,59.0,-37.7143,145.0781
ID346655488,56/15 Beach St,2,u,900000.0,28/05/2016,1.0,2.0,0.0,22.0,-37.8426,144.9398
ID258233252,202/800 Chapel St,2,u,840000.0,25/02/2017,2.0,1.0,0.0,17.0,-37.8361,144.9966
ID945032469,25 Kalimna St,5,h,2665000.0,22/08/2016,3.0,2.0,674.0,109.0,-37.8095,145.0782
ID304530611,36 Southampton St,2,h,910000.0,17/06/2017,1.0,0.0,312.0,131.0,-37.79592,144.88595
ID116587096,10/8 Anzac St,1,u,270000.0,30/07/2016,1.0,1.0,0.0,51.0,-37.885999999999996,145.0659
ID135113535,3 Horton St,3,h,760000.0,13/05/2017,2.0,2.0,567.0,69.0,-37.7236,144.9876
ID825787437,18 Struan Av,4,h,625000.0,15/07/2017,2.0,2.0,669.0,39.0,-37.964659999999995,145.27006
ID355547166,3/78 Moonya Rd,3,t,860000.0,4/03/2017,2.0,1.0,1113.0,29.0,-37.8972,145.0642
ID972314794,5 Connell St,2,h,1857000.0,12/08/2017,1.0,1.0,230.0,129.0,-37.81813,145.02295
ID325625187,9 Hartwood St,4,h,2258000.0,27/05/2017,1.0,2.0,836.0,109.0,-37.79702,145.05352
ID252268017,19 Cromwell St,4,h,835000.0,3/09/2017,1.0,3.0,649.0,59.0,-37.7022,144.92241
ID331496624,1/88 Fewster Rd,2,u,680000.0,4/03/2017,1.0,2.0,0.0,64.0,-37.939,145.0219
ID533058031,3a Fraser St,2,h,861000.0,14/05/2016,1.0,1.0,0.0,17.0,-37.9026,145.0364
ID311375338,5 Shrimpton Ct,2,h,1010000.0,30/07/2016,0.0,0.0,1611.0,84.0,-37.8092,145.1016
ID645962731,40 Canterbury St,5,h,1475000.0,8/07/2017,2.0,3.0,548.0,99.0,-37.90403,145.08118000000005
ID713245367,77 Blyth St,3,h,950000.0,6/08/2016,1.0,0.0,170.0,109.0,-37.7661,144.9691
ID615377655,86 Ashley St,4,h,850000.0,4/06/2016,2.0,2.0,497.0,39.0,-37.7903,144.8639
ID905942913,6 The Mews,3,h,1020000.0,24/06/2017,3.0,2.0,158.0,11.0,-37.75026,144.98428
ID945373088,50 Kinkora Rd,4,h,5050000.0,19/11/2016,4.0,2.0,905.0,106.0,-37.8168,145.0321
ID560514014,9/305 Dandenong Rd,2,u,1020000.0,24/06/2017,1.0,1.0,0.0,99.0,-37.85931,145.00616000000005
ID731127736,24 Trevannion St,3,h,711500.0,10/12/2016,1.0,3.0,667.0,69.0,-37.7005,144.9185
ID139113763,5 Charlotte St,2,h,1000000.0,19/11/2016,1.0,2.0,159.0,139.0,-37.7962,144.9887
ID859889169,3/16 Wheeler St,3,u,932000.0,15/10/2016,2.0,1.0,180.0,22.0,-37.9069,145.041
ID209309897,3 David Rd,4,h,1050000.0,27/05/2017,2.0,2.0,1529.0,19.0,-37.74113,145.22308999999996
ID117369247,4/12 Ellesmere Rd,2,u,800000.0,7/05/2016,1.0,1.0,0.0,89.0,-37.8577,145.0002
ID182537314,20 Orlit Ct,3,h,647000.0,16/09/2017,2.0,4.0,614.0,99.0,-37.64035,145.05624
ID230220743,8 Charles Ct,3,h,326000.0,22/07/2017,1.0,1.0,611.0,34.0,-37.69467,144.57827
ID143157740,14 Verdun St,5,h,1650000.0,12/06/2016,5.0,2.0,693.0,89.0,-37.8339,145.0937
ID576162677,18 Grandvalley Dr,2,t,520000.0,1/07/2017,2.0,2.0,62.0,5.0,-37.738929999999996,144.87661
ID212750691,7A Brunel St,3,t,815000.0,13/05/2017,2.0,2.0,148.0,69.0,-37.8287,144.8705
ID506772316,7/517 Royal Pde,3,t,850000.0,17/06/2017,1.0,1.0,2429.0,49.0,-37.78033,144.95949
ID163822045,68b Derby St,4,h,1310000.0,12/06/2016,2.0,2.0,282.0,49.0,-37.7709,145.0057
ID533058031,3a Fraser St,2,h,861000.0,14/05/2016,1.0,1.0,0.0,17.0,-37.9026,145.0364
ID392850543,1004/58 Jeffcott St,3,u,650000.0,3/12/2016,2.0,1.0,0.0,79.0,-37.8117,144.9518
ID791823336,7 Stewart St,4,h,1340000.0,18/03/2017,2.0,0.0,297.0,119.0,-37.8108,144.888
ID464524360,1 Frogmore Rd,3,h,1600000.0,7/05/2016,2.0,2.0,751.0,96.0,-37.8945,145.0648
ID764688391,11 Highview Rd,5,h,1500000.0,23/04/2016,2.0,2.0,605.0,59.0,-37.7832,145.0796
ID975248047,30 Petrie St,3,h,938000.0,3/09/2017,1.0,1.0,972.0,69.0,-38.139540000000004,145.13086
ID387805417,8 Campbell St,3,h,1528500.0,4/03/2017,1.0,1.0,375.0,89.0,-37.8015,145.0505
